president,donald,trump,sworn,office,ushering,policies,profound,effects,tech,industry,including,tariffs,immigration,,,,,,,,,,,,,,,
german,voters,polls,february,pivotal,vote,focused,immigration,economy,,,,,,,,,,,,,,,,,,,,
trump,team,takes,immigration,rules,deal,plans,purge,programmes,workers,,,,,,,,,,,,,,,,,,,
leader,friedrich,merz,need,support,bundestag,move,attracted,wide,condemnation,,,,,,,,,,,,,,,,,,,
president,trump,began,immigration,crackdown,flurry,executive,orders,immigration,experts,hopes,transform,enforcement,southern,border,beyond,,,,,,,,,,,,,
right,lawmakers,extremist,influencers,world,celebrating,trump,early,days,office,advocating,similar,efforts,countries,,,,,,,,,,,,,,,
memo,justice,department,official,seeks,realign,department,positions,immigration,president,trump,executive,actions,threatens,local,officials,cooperate,,,,,,,,,,,,
memo,rescinds,biden,administration,guideline,created,protected,areas,consisting,places,children,gather,disaster,emergency,relief,sites,social,services,establishments,,,,,,,,,,
president,trump,kicked,second,term,dramatic,crackdown,immigration,critics,call,moves,cruel,unnecessary,many,trump,supporters,applauding,early,steps,,,,,,,,,,
investor,visa,become,simpler,flexible,zealand,immigration,minister,erica,stanford,said,,,,,,,,,,,,,,,,,,
trump,mass,deportation,plans,could,hinder,wildfire,rebuilding,efforts,faced,housing,construction,worker,shortages,,,,,,,,,,,,,,,
trump,expected,sign,slew,actions,relating,immigration,issues,,,,,,,,,,,,,,,,,,,,,
jpmorgan,thinks,immigration,policy,issue,trump,next,term,,,,,,,,,,,,,,,,,,,,,
trump,border,czar,homan,urging,local,enforcement,agencies,support,immigration,efforts,,,,,,,,,,,,,,,,,,
right,mariann,edgar,budde,asked,president,trump,mercy,said,people,across,country,scared,,,,,,,,,,,,,,,,
acting,deputy,attorney,general,emil,bove,said,local,laws,match,trump,immigration,plans,threaten,national,security,,,,,,,,,,,,,
trump,inaugural,speech,promises,contradictions,underlined,challenges,faces,upon,return,,,,,,,,,,,,,,,,,,,
confirmed,noem,would,lead,department,poised,center,trump,immigration,policy,priorities,including,deportation,efforts,visa,changes,border,security,,,,,,,,,,,
president,trump,signed,slew,orders,first,week,office,impacting,policy,immigration,environment,federal,diversity,programs,,,,,,,,,,,,,,
noem,charge,executing,president,trump,biggest,priorities,second,term,cracking,immigration,,,,,,,,,,,,,,,,,,
federal,lawsuit,accuses,jurisdictions,making,difficult,deliberately,impeding,federal,immigration,officers,ability,carry,responsibilities,,,,,,,,,,,,,,,
decrease,immigration,increase,retirements,could,help,people,find,work,year,factors,could,create,problems,economy,,,,,,,,,,,,,,
president,trump,immigration,crackdown,raising,questions,visa,programs,skilled,workers,financial,firms,file,,,,,,,,,,,,,,,,
trump,slapped,tariffs,canadian,mexican,imports,pressure,crack,illegal,immigration,fentanyl,caved,,,,,,,,,,,,,,,,,
trump,campaigned,border,security,promises,allies,argue,electoral,endorsement,upcoming,actions,issue,,,,,,,,,,,,,,,,,
republican,leaders,state,legislature,support,president,trump,pledge,combat,illegal,immigration,want,deal,issues,identified,desantis,schedule,,,,,,,,,,,,
take,feel,like,american,treated,like,several,communities,shared,perspectives,immigrant,experience,,,,,,,,,,,,,,,,,
prospects,raid,chicago,come,weeks,trump,border,czar,homan,visited,city,threatened,prosecute,mayor,cooperate,,,,,,,,,,,,,,
changes,hiring,retention,practices,grew,department,people,four,years,former,officials,warn,still,enough,trump,ambitious,policy,goals,,,,,,,,,,,
president,trump,decades,policy,prevented,agents,arresting,migrants,without,legal,status,sensitive,places,schools,districts,drawing,line,sand,,,,,,,,,,,
genesis,gutierrez,moved,family,found,financial,stability,company,,,,,,,,,,,,,,,,,,,,,
local,government,officials,around,signal,assist,cases,actively,oppose,trump,administration,efforts,conduct,massive,deportation,migrants,,,,,,,,,,,,,
immigration,officials,would,authority,quickly,expel,migrants,temporarily,admitted,separate,program,certain,people,fleeing,cuba,haiti,nicaragua,venezuela,,,,,,,,,,,
prices,economy,issues,campaign,president,trump,making,clear,issues,notably,immigration,main,focus,start,second,term,,,,,,,,,,,,,
none,,,,,,,,,,,,,,,,,,,,,,,,,,,,
company,raced,beat,amazon,sell,tools,publicly,denying,involvement,israel,military,,,,,,,,,,,,,,,,,,
vance,recently,cited,medieval,catholic,theology,justifying,immigration,crackdown,president,donald,trump,,,,,,,,,,,,,,,,,
incoming,president,plans,sign,many,executive,orders,administration,begins,,,,,,,,,,,,,,,,,,,,
yusuf,tells,political,thinking,podcast,johnson,would,welcome,join,reform,,,,,,,,,,,,,,,,,,,
biggest,hurdles,carrying,trump,mass,deportation,plans,house,millions,people,country,without,legal,status,many,prisons,detention,centers,already,overcrowded,options,,,,,,,,
conservative,leader,says,people,able,apply,citizenship,least,years,,,,,,,,,,,,,,,,,,,,
sheriff,akin,kansas,city,immigration,attorney,told,star,homeland,security,investigations,agents,took,least,people,custody,,,,,,,,,,,,,
david,armitage,held,suspicion,killing,wife,whose,body,found,yorkshire,dales,,,,,,,,,,,,,,,,,,
president,donald,trump,second,inaugural,address,gave,clues,trump,focus,sees,country,,,,,,,,,,,,,,,,,
bill,named,georgia,nursing,student,killed,last,year,venezuelan,without,legal,status,criminal,record,,,,,,,,,,,,,,,
group,state,attorneys,general,signed,lawsuit,filed,tuesday,seeking,block,administration,move,describing,unconstitutional,,,,,,,,,,,,,,,
kristi,noem,joined,operations,days,confirmed,senate,lead,department,homeland,security,,,,,,,,,,,,,,,,,,
five,undocumented,pregnant,women,president,donald,trump,birthright,citizenship,executive,order,,,,,,,,,,,,,,,,,,
trump,promises,sign,executive,actions,address,immigration,border,security,likely,spark,legal,battles,,,,,,,,,,,,,,,,
policy,created,implemented,first,trump,administration,resulted,tens,thousands,migrants,waiting,extended,periods,mexico,,,,,,,,,,,,,,,
none,,,,,,,,,,,,,,,,,,,,,,,,,,,,
none,,,,,,,,,,,,,,,,,,,,,,,,,,,,
messaging,claims,linked,attacks,paragon,solutions,,,,,,,,,,,,,,,,,,,,,,,
trump,wants,reinterpret,phrasing,amendment,mean,federal,government,would,recognize,automatic,birthright,citizenship,children,born,parents,without,legal,status,,,,,,,,,,
president,donald,trump,first,week,office,focused,immigration,economy,continued,play,base,,,,,,,,,,,,,,,,,
amazon,planned,resume,green,card,applications,foreign,workers,january,leaked,memo,shows,,,,,,,,,,,,,,,,,
trump,executive,orders,moves,birthright,citizenship,right,enshrined,constitution,need,know,legal,principle,possible,future,,,,,,,,,,,,,,
president,soon,decide,whether,match,trade,rhetoric,action,shelve,tariff,plans,,,,,,,,,,,,,,,,,,
president,trump,aims,deport,migrant,detainees,holding,facility,despite,questionable,legality,move,,,,,,,,,,,,,,,,,
employers,added,jobs,january,modest,slowdown,previous,months,unemployment,rate,dipped,,,,,,,,,,,,,,,,,,
centuries,houses,worship,served,havens,people,needing,refuge,recent,decades,sanctuary,government,,,,,,,,,,,,,,,,,
world,richest,accused,making,nazi,salute,speech,donald,trump,inauguration,,,,,,,,,,,,,,,,,,,
department,homeland,security,allowing,certain,enforcement,components,department,justice,carry,functions,immigration,officer,,,,,,,,,,,,,,,,
former,immigration,official,removed,position,leadership,tells,news,receive,explanation,removal,,,,,,,,,,,,,,,,,,
department,justice,told,legal,service,providers,receive,federal,funding,stop,providing,legal,orientation,immigrants,immigration,courts,,,,,,,,,,,,,
news,mireya,villarreal,visited,school,south,texas,meet,students,faculty,preparing,potential,impacts,president,donald,trump,immigration,policies,,,,,,,,,,,
multiple,officials,office,oversees,immigration,courts,removed,positions,part,trump,administration,overhaul,sources,,,,,,,,,,,,,,,,
birthright,citizenship,trump,testing,push,courts,,,,,,,,,,,,,,,,,,,,,,,
left,european,union,january,,,,,,,,,,,,,,,,,,,,,,,,,
national,crime,agency,officers,deployed,iraq,assist,arrests,first,operation,kind,,,,,,,,,,,,,,,,,,
wednesday,trump,sign,laken,riley,administration,first,piece,legislation,,,,,,,,,,,,,,,,,,,,
cohen,owner,york,mets,spoke,conference,miami,tuesday,,,,,,,,,,,,,,,,,,,,,
zealand,making,easier,tourists,work,remotely,visiting,country,part,efforts,help,stagnating,economy,,,,,,,,,,,,,,,,
donald,trump,first,week,office,shows,returned,plan,knows,avoid,chaos,first,term,,,,,,,,,,,,,,,,
florida,lawmakers,passed,sweeping,immigration,bill,setting,aside,half,billion,dollars,public,funds,help,carry,president,donald,trump,crackdown,people,country,illegally,,,,,,,
leaders,share,cordial,relations,experts,concerns,tariffs,illegal,immigration,might,strain,bilateral,ties,,,,,,,,,,,,,,,,
marco,rubio,embark,first,diplomatic,mission,abroad,since,confirmed,post,visiting,five,countries,central,south,america,,,,,,,,,,,,,
president,mass,deportation,plans,could,funnel,huge,profits,private,prison,companies,like,corecivic,,,,,,,,,,,,,,,,
chef,etat,ricain,gren,priorit,dans,discours,avoir,serment,capitole,immigration,green,deal,contr,canal,panama,,,,,,,,,,,,,
year,marko,elez,member,elon,musk,unruly,gang,fascists,,,,,,,,,,,,,,,,,,,,
website,godisageek,owned,calvin,robinson,right,priest,went,viral,imitating,elon,musk,nazi,like,salute,anti,abortion,summit,,,,,,,,,,,
federal,judge,seattle,temporarily,halted,president,donald,trump,executive,order,denying,automatic,citizenship,people,born,soil,,,,,,,,,,,,,
protests,came,parties,voted,alongside,right,party,alternative,germany,binding,resolution,immigration,last,week,,,,,,,,,,,,,,,
none,,,,,,,,,,,,,,,,,,,,,,,,,,,,
trump,blamed,fires,california,governor,gavin,newsom,water,policies,musk,said,blazes,spread,fire,department,focus,diversity,equity,inclusion,programs,,,,,,,,,
officers,boston,arrested,haitian,street,gang,member,numerous,convictions,illegally,,,,,,,,,,,,,,,,,,,
couple,watched,stands,cheering,clapping,team,,,,,,,,,,,,,,,,,,,,,,,
efforts,target,immigrants,amid,uprising,point,deportations,might,look,like,trump,,,,,,,,,,,,,,,,,,
group,immigrant,advocacy,centers,filed,suit,department,homeland,security,shutting,legal,orientation,programs,immigrants,,,,,,,,,,,,,,,
president,donald,trump,plans,sign,laken,riley,administration,first,piece,legislation,,,,,,,,,,,,,,,,,,
chicago,mayor,brandon,johnson,says,city,defend,residents,whether,undocumented,whether,seeking,asylum,whether,seeking,good,paying,,,,,,,,,,,,
comments,,,,,,,,,,,,,,,,,,,,,,,,,,,,
march,took,place,ahead,trump,arrival,nation,capital,prepares,sworn,monday,,,,,,,,,,,,,,,,,,
story,mexican,authorities,discovered,madesmuggling,tunnel,connecting,ciudad,juarez,paso,texas,january,ciudad,juarez,,,,,,,,,,,,,,,
trump,vowed,return,country,golden,plant,american,flag,mars,,,,,,,,,,,,,,,,,,,,
lawsuit,alleges,trump,actions,protections,provided,congress,backed,courts,,,,,,,,,,,,,,,,,,,,
president,donald,trump,mass,deportation,plans,could,make,harder,older,americans,access,healthcare,increase,costs,,,,,,,,,,,,,,
states,sued,block,trump,executive,order,ending,birthright,citizenship,could,impact,many,children,year,,,,,,,,,,,,,,,
conservative,leader,says,people,able,apply,citizenship,least,years,,,,,,,,,,,,,,,,,,,,
president,donald,trump,executive,orders,involving,doge,birthright,citizenship,among,targeted,lawsuits,,,,,,,,,,,,,,,,,
preliminary,injunction,blocks,president,trump,efforts,birthright,citizenship,white,house,expected,appeal,,,,,,,,,,,,,,,,,
ruling,bars,agencies,implementing,order,birthright,citizenship,children,born,migrants,temporarily,without,legal,status,case,review,,,,,,,,,,,,,
jonathan,hall,says,return,could,prosecuted,jihadist,group,,,,,,,,,,,,,,,,,,,,,
trump,wants,reinterpret,phrasing,amendment,mean,federal,government,would,recognize,automatic,birthright,citizenship,children,born,parents,without,legal,status,,,,,,,,,,
group,state,attorneys,general,signed,lawsuit,filed,tuesday,seeking,block,administration,move,describing,unconstitutional,,,,,,,,,,,,,,,
federal,judge,seattle,temporarily,halted,president,donald,trump,executive,order,denying,automatic,citizenship,people,born,soil,,,,,,,,,,,,,
states,sued,block,trump,executive,order,ending,birthright,citizenship,could,impact,many,children,year,,,,,,,,,,,,,,,
trump,executive,orders,moves,birthright,citizenship,right,enshrined,constitution,need,know,legal,principle,possible,future,,,,,,,,,,,,,,
adds,power,character,citizenship,,,,,,,,,,,,,,,,,,,,,,,,,
federal,judge,temporarily,blocked,president,trump,executive,order,ending,constitutional,guarantee,birthright,citizenship,,,,,,,,,,,,,,,,
federal,judge,thursday,temporarily,blocked,president,donald,trump,executive,order,redefining,birthright,citizenship,calling,blatantly,,,,,,,,,,,,,,
incoming,president,plans,sign,many,executive,orders,administration,begins,,,,,,,,,,,,,,,,,,,,
birthright,citizenship,trump,testing,push,courts,,,,,,,,,,,,,,,,,,,,,,,
guide,birthright,citizenship,happens,trump,order,ends,comes,next,lawsuits,filed,,,,,,,,,,,,,,,,,,
five,undocumented,pregnant,women,president,donald,trump,birthright,citizenship,executive,order,,,,,,,,,,,,,,,,,,
president,trump,revoked,biden,executive,order,affirmed,longstanding,practice,including,total,number,persons,residing,state,census,count,used,election,maps,,,,,,,,,
federal,judge,seattle,issued,nationwide,preliminary,injunction,president,donald,trump,executive,order,birthright,citizenship,,,,,,,,,,,,,,,
federal,judge,maryland,consider,whether,president,trump,able,redefine,birthright,citizenship,stated,fourteenth,amendment,,,,,,,,,,,,,,,
attack,violation,nation,post,civil,rebirth,,,,,,,,,,,,,,,,,,,,,,,
president,trump,birthright,citizenship,flagrantly,unlawful,attorneys,states,said,lawsuit,challenging,president,executive,order,,,,,,,,,,,,,,,
president,trump,executive,order,seeking,birthright,citizenship,face,next,legal,hurdle,week,three,separate,judges,hold,hearings,issue,,,,,,,,,,,
women,children,list,released,gaza,citizens,israel,free,hundreds,prisoners,exchange,,,,,,,,,,,,,,,,,,
acting,deputy,attorney,general,emil,bove,said,local,laws,match,trump,immigration,plans,threaten,national,security,,,,,,,,,,,,,
republican,voters,trust,election,administered,well,trump,conservatives,pushing,sweeping,reforms,voting,systems,,,,,,,,,,,,,,,,
yusuf,tells,political,thinking,podcast,johnson,would,welcome,join,reform,,,,,,,,,,,,,,,,,,,
donald,trump,returns,washington,newly,empowered,republican,party,remade,image,supreme,court,granted,sweeping,immunity,official,actions,unlike,last,time,narrowly,popular,vote,,,,,,
president,trump,signed,slew,orders,first,week,office,impacting,policy,immigration,environment,federal,diversity,programs,,,,,,,,,,,,,,
foot,immigrant,philippines,survived,marine,corps,week,boot,camp,,,,,,,,,,,,,,,,,,,,
president,donald,trump,said,since,first,administration,wants,birthright,citizenship,constitutional,right,everyone,born,,,,,,,,,,,,,,,
changes,hiring,retention,practices,grew,department,people,four,years,former,officials,warn,still,enough,trump,ambitious,policy,goals,,,,,,,,,,,
trump,administration,promised,swift,moving,changes,plans,progressed,many,almost,immediately,hold,,,,,,,,,,,,,,,,,
none,,,,,,,,,,,,,,,,,,,,,,,,,,,,
trump,expected,sign,slew,actions,relating,immigration,issues,,,,,,,,,,,,,,,,,,,,,
confirmation,hearings,cabinet,members,nominated,president,elect,trump,underway,conducts,background,checks,focusing,character,conduct,nominees,involved,,,,,,,,,,,,
republican,leaders,state,legislature,support,president,trump,pledge,combat,illegal,immigration,want,deal,issues,identified,desantis,schedule,,,,,,,,,,,,
noem,charge,executing,president,trump,biggest,priorities,second,term,cracking,immigration,,,,,,,,,,,,,,,,,,
jpmorgan,thinks,immigration,policy,issue,trump,next,term,,,,,,,,,,,,,,,,,,,,,
legal,experts,tell,news,sheer,number,presidential,executive,orders,unprecedented,whether,stick,guaranteed,,,,,,,,,,,,,,,,
trump,ordered,administration,devote,resources,investigating,naturalized,citizens,,,,,,,,,,,,,,,,,,,,,
comments,outrage,palestinians,gaza,territory,ancestral,home,,,,,,,,,,,,,,,,,,,,,,
story,first,logoff,sign,stories,like,delivered,inbox,every,weekday,good,evening,welcome,first,edition,logoff,newsletter,gives,trump,news,need,,,,,,,,
former,judge,tells,ends,losing,lawsuits,,,,,,,,,,,,,,,,,,,,,,,
judge,carl,nichols,blocked,donald,trump,elon,musk,attempted,usaid,shutdown,days,american,foreign,service,association,filed,lawsuit,,,,,,,,,,,
trump,promises,sign,executive,actions,address,immigration,border,security,likely,spark,legal,battles,,,,,,,,,,,,,,,,
view,entire,post,,,,,,,,,,,,,,,,,,,,,,,,,,
confirmed,noem,would,lead,department,poised,center,trump,immigration,policy,priorities,including,deportation,efforts,visa,changes,border,security,,,,,,,,,,,
episcopal,bishop,washington,spoke,discuss,sermon,addressing,president,trump,asked,mercy,,,,,,,,,,,,,,,,,,
siegel,first,american,released,part,deal,total,hostages,released,since,ceasefire,took,effect,hundreds,palestinians,released,,,,,,,,,,,,,
census,bureau,director,robert,santos,resigning,giving,president,trump,early,opportunity,nominate,appointee,lead,bureau,preparations,census,,,,,,,,,,,,
trump,order,seeking,disqualify,immigrant,babies,citizenship,strikes,blow,constitutional,bedrock,aclu,claims,,,,,,,,,,,,,,,,
salvador,offered,take,criminals,deported,house,mega,jail,,,,,,,,,,,,,,,,,,,,,
trump,order,targets,constitutional,right,automatically,granting,citizenship,anyone,born,country,,,,,,,,,,,,,,,,,,
least,countries,mostly,americas,provide,automatic,citizenship,anyone,born,within,borders,,,,,,,,,,,,,,,,,,
donald,trump,signs,record,executive,orders,second,term,first,including,effort,restrict,citizenship,,,,,,,,,,,,,,,,
trump,hopes,birthright,citizenship,executive,order,lawsuits,filed,across,country,immigrants,seek,stop,post,pregnant,immigrants,fighting,trump,birthright,citizenship,appeared,first,intercept,,,,,,
trump,supporters,programme,misused,several,democrat,states,file,legal,challenge,,,,,,,,,,,,,,,,,,,
also,delve,latest,davos,cryptocurrency,executive,orders,,,,,,,,,,,,,,,,,,,,,,
president,donald,trump,shattered,record,executive,orders,signed,first,office,,,,,,,,,,,,,,,,,,,
space,traveler,demographics,shifted,time,,,,,,,,,,,,,,,,,,,,,,,,
months,current,ceasefire,gaza,allowing,palestinians,return,homes,often,reduced,rubble,family,members,buried,beneath,,,,,,,,,,,,,,
rescued,otters,oregon,portland,showed,ability,shoot,hoops,part,enrichment,program,,,,,,,,,,,,,,,,,,
president,biden,released,statement,following,israel,hamas,ceasefire,announcement,wednesday,saying,release,american,hostages,included,agreement,,,,,,,,,,,,,
animals,enjoying,rare,texas,snowfall,including,asian,elephant,capybaras,otters,lions,lisa,leopard,,,,,,,,,,,,,,,,
massachusetts,found,carrying,attending,tour,capitol,police,officials,told,news,thursday,,,,,,,,,,,,,,,,,,
half,country,firmly,behind,blessing,america,tech,billionaires,president,donald,moving,breakneck,pace,remake,america,,,,,,,,,,,,,,
scheme,avoid,offshore,billions,botched,money,managed,learns,,,,,,,,,,,,,,,,,,,,,
california,woman,sentenced,monday,years,prison,long,running,case,business,helped,pregnant,chinese,women,travel,,,,,,,,,,,,,,
census,bureau,director,robert,santos,announced,resignation,thursday,santos,nationally,recognized,statistician,first,latino,head,bureau,joined,federal,governm,,,,,,,,,,
basic,framework,officials,familiar,talks,exchange,israeli,hostages,palestinian,prisoners,week,ceasefire,mediators,applying,pressure,parties,,,,,,,,,,,,,
trump,campaigned,border,security,promises,allies,argue,electoral,endorsement,upcoming,actions,issue,,,,,,,,,,,,,,,,,
president,donald,trump,mass,deportation,plans,could,significant,economic,side,effect,draining,social,security,funding,,,,,,,,,,,,,,
lawyers,increase,people,cutting,ties,third,column,story,link,related,stories,applying,canadian,citizenship,drudge,report,feed,needs,support,become,patron,,,,,,,,
much,donald,trump,done,first,eight,days,back,white,house,legally,unjustifiable,uncertain,whether,supreme,court,anything,stop,particularly,egregious,cases,trump,ordered,birthright,,,,,
another,doge,staffer,resigns,secret,racist,posts,revealed,first,column,story,link,related,stories,doge,teen,owns,tesla,sexy,worked,startup,hired,convicted,hackers,cheney,swipes,elon,citizenshi,
indigenous,people,worried,president,donald,trump,attempt,birthright,citizenship,constitutional,right,using,century,case,denied,citizenship,native,american,,,,,,,,,,,
another,federal,judge,blocked,trump,brutal,attack,birthright,citizenship,wednesday,district,judge,deborah,boardman,filed,preliminary,injunction,trump,executive,order,promise,signed,action,first,,,,,
forbes,newsroom,randy,weber,discussed,republicans,birthright,citizenship,would,interpretation,amendment,says,children,born,within,united,states,citizens,granted,automatic,citizenship,,,,,,,,
bondi,donald,trump,nominee,next,attorney,general,refused,give,basic,answer,confirmation,hearing,wednesday,regarding,views,birthright,citizenship,etched,fourteenth,amendment,cons,,,,,,,
like,predecessors,trump,little,first,inauguration,eight,years,later,trump,promised,full,executive,orders,,,,,,,,,,,,,,,
trump,administration,embracing,dark,loophole,justify,executive,attempts,dismantle,birthright,citizenship,donald,trump,justice,department,cited,archaic,statute,legal,filing,wednesday,arguing,president,executive,orde,,,,
trump,administration,embracing,dark,loophole,justify,executive,attempts,dismantle,birthright,citizenship,donald,trump,justice,department,cited,archaic,statute,legal,filing,wednesday,arguing,president,executive,orde,,,,
three,women,worked,harrods,fayed,assaulted,denies,claims,,,,,,,,,,,,,,,,,,,,,
donald,trump,executive,order,taking,birthright,citizenship,already,facing,several,lawsuits,monday,night,trump,lawsuits,federal,court,hampshire,massachusetts,state,washington,filing,another,lawsu,,,,,
president,trump,sworn,second,term,yesterday,kept,many,promises,implemented,orders,also,undone,several,predecessor,actions,breakdown,,,,,,,,,,,,
president,trump,decades,policy,prevented,agents,arresting,migrants,without,legal,status,sensitive,places,schools,districts,drawing,line,sand,,,,,,,,,,,
sunday,edition,business,insider,today,showing,cover,business,military,defense,,,,,,,,,,,,,,,,,,,
wednesday,injunction,second,issued,executive,order,attempting,practice,birthright,citizenship,,,,,,,,,,,,,,,,,,,
olympic,medal,winner,cindy,ngamba,make,professional,debut,boxing,march,,,,,,,,,,,,,,,,,,,
council,speaker,adrienne,adams,said,city,prepared,trump,council,speaker,adrienne,adams,also,urged,mayor,office,join,fight,president,order,birthright,citizenship,,,,,,,
conference,board,reports,majority,surveyed,corporate,citizenship,philanthropy,leaders,anticipate,tangible,changes,resources,budgets,,,,,,,,,,,,,,,
read,secretive,world,extreme,fishing,approaches,aging,,,,,,,,,,,,,,,,,,,,,,
judges,ruled,thursday,alone,extend,blocks,trump,birthright,citizenship,limit,elon,musk,access,treasury,documents,pause,deadline,federal,employee,buyouts,,,,,,,,,
judges,ruled,thursday,alone,extend,blocks,trump,birthright,citizenship,limit,elon,musk,access,treasury,documents,pause,deadline,federal,employee,buyouts,,,,,,,,,
judges,ruled,thursday,alone,extend,blocks,trump,birthright,citizenship,limit,elon,musk,access,treasury,documents,pause,deadline,federal,employee,buyouts,,,,,,,,,
slew,court,rulings,recent,weeks,hampered,trump,administration,moves,issues,like,birthright,citizenship,shutting,usaid,,,,,,,,,,,,,,
christopher,mcmahon,aquinas,wealth,advisors,author,faithful,finances,spoke,quartz,latest,installment,smart,investing,video,series,read,,,,,,,,,,,,
friday,forbes,daily,covers,bloomberg,climate,pledge,judge,blocks,trump,birthright,citizenship,oscar,nominations,unveiled,openai,latest,tool,,,,,,,,,,,
president,donald,trump,monday,kicked,sweeping,immigration,crackdown,tasking,military,aiding,border,security,issuing,broad,asylum,taking,steps,restrict,citizenship,children,born,soil,,,,,,
security,ramped,sides,border,ahead,inauguration,donald,trump,,,,,,,,,,,,,,,,,,,,,
industry,uncertainty,surrounding,border,trade,almost,worse,tariffs,tariffs,costs,might,passed,buyers,,,,,,,,,,,,,,,,
officials,several,russian,regions,hundreds,kilometres,border,reported,strikes,overnight,,,,,,,,,,,,,,,,,,,
reporters,canada,mexico,assess,fallout,trump,gets,border,promises,return,pause,tariffs,,,,,,,,,,,,,,,,,
confirmed,noem,would,lead,department,poised,center,trump,immigration,policy,priorities,including,deportation,efforts,visa,changes,border,security,,,,,,,,,,,
trump,campaigned,border,security,promises,allies,argue,electoral,endorsement,upcoming,actions,issue,,,,,,,,,,,,,,,,,
noem,charge,executing,president,trump,biggest,priorities,second,term,cracking,immigration,,,,,,,,,,,,,,,,,,
president,soon,decide,whether,match,trade,rhetoric,action,shelve,tariff,plans,,,,,,,,,,,,,,,,,,
president,complains,tremendous,trade,deficit,neighbour,saying,need,canadian,energy,vehicles,lumber,,,,,,,,,,,,,,,,,
anonymous,reader,shares,report,taiwan,digital,ministry,said,friday,government,departments,chinese,startup,deepseek,artificial,intelligence,service,saying,product,china,represents,security,concern,,,,,,
deal,seen,show,support,ukraine,days,donald,trump,enters,white,house,,,,,,,,,,,,,,,,,,
trump,promises,sign,executive,actions,address,immigration,border,security,likely,spark,legal,battles,,,,,,,,,,,,,,,,
provided,nearly,people,asylum,appointments,since,january,contributing,drop,illegal,border,crossings,,,,,,,,,,,,,,,,,
story,mexican,authorities,discovered,madesmuggling,tunnel,connecting,ciudad,juarez,paso,texas,january,ciudad,juarez,,,,,,,,,,,,,,,
president,trump,began,immigration,crackdown,flurry,executive,orders,immigration,experts,hopes,transform,enforcement,southern,border,beyond,,,,,,,,,,,,,
south,dakota,kristi,noem,firebrand,gained,national,spotlight,coronavirus,pandemic,confirmed,senate,,,,,,,,,,,,,,,,,
acting,deputy,attorney,general,emil,bove,said,local,laws,match,trump,immigration,plans,threaten,national,security,,,,,,,,,,,,,
senate,budget,chair,graham,wants,plow,forward,funding,package,bundles,border,security,defense,spending,house,continues,struggle,plan,,,,,,,,,,,
daily,encounters,december,along,southwest,border,lowest,average,since,july,according,department,homeland,security,,,,,,,,,,,,,,,
executive,order,designating,cartels,terrorist,organizations,expand,prosecutors,jurisdictions,affect,relations,mexico,risk,blowback,unprepared,,,,,,,,,,,,,,
changes,hiring,retention,practices,grew,department,people,four,years,former,officials,warn,still,enough,trump,ambitious,policy,goals,,,,,,,,,,,
trump,expected,sign,slew,actions,relating,immigration,issues,,,,,,,,,,,,,,,,,,,,,
easy,make,airport,mistake,involving,fruit,customs,border,protection,almost,cost,money,made,lose,global,entry,status,,,,,,,,,,,,
policy,created,implemented,first,trump,administration,resulted,tens,thousands,migrants,waiting,extended,periods,mexico,,,,,,,,,,,,,,,
jpmorgan,thinks,immigration,policy,issue,trump,next,term,,,,,,,,,,,,,,,,,,,,,
could,request,troops,help,efforts,along,mexico,border,according,internal,border,patrol,memo,obtained,news,,,,,,,,,,,,,,
thailand,power,supply,fuel,internet,border,areas,myanmar,wednesday,attempt,choke,scam,syndicates,operating,become,growing,security,concern,reuters,scam,compounds,southeast,asia,suspected,,,,,
president,donald,trump,mass,deportation,plans,could,significant,economic,side,effect,draining,social,security,funding,,,,,,,,,,,,,,
trump,slapped,tariffs,canadian,mexican,imports,pressure,crack,illegal,immigration,fentanyl,caved,,,,,,,,,,,,,,,,,
santa,winds,expected,pick,back,threatening,containment,southern,california,wildfires,homeland,security,secretary,alejandro,mayorkas,reflects,career,,,,,,,,,,,,
according,trump,border,czar,homan,every,undocumented,immigrant,worry,could,arrested,time,even,criminal,record,,,,,,,,,,,,,,
election,inflation,trump,find,pledges,prices,tariffs,experts,,,,,,,,,,,,,,,,,,,,,
thailand,prime,minister,seeking,allay,security,concerns,among,chinese,tourists,visiting,thailand,said,chinese,blood,,,,,,,,,,,,,,
trump,honoring,promises,made,white,house,campaign,core,economic,national,security,philosophy,,,,,,,,,,,,,,,,,
full,implications,designating,cartels,terrorist,organizations,depend,large,part,administration,follows,,,,,,,,,,,,,,,,,,
lawsuit,alleges,trump,actions,protections,provided,congress,backed,courts,,,,,,,,,,,,,,,,,,,,
memo,rescinds,biden,administration,guideline,created,protected,areas,consisting,places,children,gather,disaster,emergency,relief,sites,social,services,establishments,,,,,,,,,,
military,mission,border,moving,quickly,white,house,pentagon,making,priority,publicize,news,mission,,,,,,,,,,,,,,,,
mexico,couple,hopes,trump,administration,makes,good,promise,completing,construction,border,wall,,,,,,,,,,,,,,,,,
germany,foreign,minister,accused,moscow,deploying,fleet,rusty,tankers,avoid,sanctions,,,,,,,,,,,,,,,,,,
homan,spoke,martha,raddatz,week,,,,,,,,,,,,,,,,,,,,,,,,
arrest,made,shooting,border,patrol,agent,shot,traffic,stop,vermont,according,,,,,,,,,,,,,,,,,,
full,scale,humanitarian,challenge,ahead,emerging,displaced,palestinians,return,home,writes,paul,adams,,,,,,,,,,,,,,,,
beijing,also,adding,companies,blacklist,says,investigate,google,,,,,,,,,,,,,,,,,,,,,
kristi,noem,joined,operations,days,confirmed,senate,lead,department,homeland,security,,,,,,,,,,,,,,,,,,
russian,forces,used,reconnaissance,drones,support,deep,strike,operations,ukraine,major,headache,kyiv,,,,,,,,,,,,,,,,
homan,spoke,martha,raddatz,week,,,,,,,,,,,,,,,,,,,,,,,,
rwandan,backed,rebels,control,eastern,congolese,city,goma,fighters,continue,claim,territory,world,mineral,rich,territories,,,,,,,,,,,,,
conservative,leader,says,people,able,apply,citizenship,least,years,,,,,,,,,,,,,,,,,,,,
keir,starmer,unveiled,proposals,says,make,great,superpowers,,,,,,,,,,,,,,,,,,,,,
president,would,rather,exploit,free,manage,migrant,flows,effectively,,,,,,,,,,,,,,,,,,,,
fighting,rebels,eastern,congo,left,least,peacekeepers,foreign,soldiers,dead,made,significant,territorial,gains,recent,weeks,encircling,eastern,city,goma,,,,,,,,,
time,hard,choices,middle,east,president,elect,much,think,enters,white,house,,,,,,,,,,,,,,,,,
trip,part,calls,reset,european,union,,,,,,,,,,,,,,,,,,,,,,,
part,president,elect,donald,trump,deportation,plans,carry,raids,starting,tuesday,sources,briefed,plans,told,news,,,,,,,,,,,,,
biden,administration,migrants,embattled,countries,could,apply,entry,humanitarian,reasons,without,attempt,cross,illegally,,,,,,,,,,,,,,,
president,donald,trump,mass,deportation,plans,could,make,harder,older,americans,access,healthcare,increase,costs,,,,,,,,,,,,,,
president,says,criminal,migrants,deported,united,states,could,housed,facility,cuba,immediately,clear,plan,would,implemented,,,,,,,,,,,,,
year,terror,attack,struck,orleans,historic,french,quarter,city,officials,confident,security,plans,place,sunday,super,bowl,,,,,,,,,,,,
president,trump,kicked,second,term,dramatic,crackdown,immigration,critics,call,moves,cruel,unnecessary,many,trump,supporters,applauding,early,steps,,,,,,,,,,
everything,moment,confusion,,,,,,,,,,,,,,,,,,,,,,,,,,
pentagon,signaled,earlier,week,force,could,used,deportation,flights,happening,,,,,,,,,,,,,,,,,,,
trump,issued,executive,orders,memoranda,proclamations,first,back,oval,office,know,,,,,,,,,,,,,,,,,,
potential,role,special,operations,forces,combating,cartels,getting,wrong,could,create,problems,,,,,,,,,,,,,,,,,
apple,preparing,release,wave,home,technology,getting,ready,,,,,,,,,,,,,,,,,,,,,
priest,attacked,prayer,service,spokane,washington,security,video,shows,suspect,leaving,charging,toward,altar,punch,priest,,,,,,,,,,,,,
bill,named,georgia,nursing,student,killed,last,year,venezuelan,without,legal,status,criminal,record,,,,,,,,,,,,,,,
mike,collins,heavily,criticized,statements,made,right,mariann,budde,tuesday,inaugural,prayer,service,held,president,,,,,,,,,,,,,,
mike,thinks,turn,state,sponsored,piracy,take,mexican,drug,cartels,utah,republican,explained,made,case,using,,,,,,,,,,,,,
president,trump,blamed,china,opioid,crisis,imposed,sweeping,tariffs,,,,,,,,,,,,,,,,,,,,
broad,latitude,wants,,,,,,,,,,,,,,,,,,,,,,,,,,
time,analysis,found,nearly,thirds,executive,actions,trump,issued,mirror,partially,mirror,proposals,project,,,,,,,,,,,,,,,
chinese,government,also,announced,anti,trust,investigation,google,trump,tariff,china,went,effect,,,,,,,,,,,,,,,,
trump,cabinet,picks,sincere,beliefs,make,roles,,,,,,,,,,,,,,,,,,,,,,
president,donald,trump,posted,threats,colombia,social,media,platform,sunday,military,repatriation,flights,prevented,landing,,,,,,,,,,,,,,
washington,state,woman,charged,fatal,shooting,border,patrol,agent,vermont,happened,days,authorities,began,watching,,,,,,,,,,,,,,
onlyfans,star,lily,phillips,rethinking,plan,screw,dudes,hours,telling,customs,border,protection,recently,threw,wrench,ambitious,sexcapade,lily,tells,detained,vegas,airport,last,,,,,
military,forces,home,abroad,different,types,troops,rules,confusing,,,,,,,,,,,,,,,,,,,,
president,donald,trump,said,tariff,canada,mexico,could,come,february,universal,tariff,table,,,,,,,,,,,,,,,,
seven,nearly,hostages,held,gaza,citizens,several,confirmed,dead,,,,,,,,,,,,,,,,,,,,
unrwa,gaza,director,says,rebuilding,homes,infrastructure,people,lives,take,awful,time,,,,,,,,,,,,,,,,,
trump,proposed,actions,would,staggering,abuse,statues,,,,,,,,,,,,,,,,,,,,,,
canadians,begun,booing,anthem,sports,games,signalling,depth,anger,steep,tariffs,,,,,,,,,,,,,,,,,,
tariffs,china,canada,mexico,could,raise,prices,everything,cars,homes,food,,,,,,,,,,,,,,,,,,
donald,trump,appear,eager,follow,biggest,campaign,promises,,,,,,,,,,,,,,,,,,,,,
deal,take,place,three,different,phases,last,weeks,according,qatari,officials,,,,,,,,,,,,,,,,,,
prices,economy,issues,campaign,president,trump,making,clear,issues,notably,immigration,main,focus,start,second,term,,,,,,,,,,,,,
washington,reuters,china,said,monday,willing,repatriate,confirmed,chinese,nationals,united,states,president,donald,trump,,,,,,,,,,,,,,
trump,ordered,administration,devote,resources,investigating,naturalized,citizens,,,,,,,,,,,,,,,,,,,,,
noem,takes,charge,sprawling,agency,deals,host,crucial,issues,like,immigration,customs,,,,,,,,,,,,,,,,,
andrzej,duda,discusses,ukraine,balancing,global,alliances,donald,trump,comes,back,white,house,,,,,,,,,,,,,,,,
super,rich,city,built,scams,invited,find,,,,,,,,,,,,,,,,,,,,,,
china,reiterated,could,take,necessary,countermeasures,president,donald,trump,decided,impose,tariff,china,allegedly,little,stem,production,precursor,chemicals,drug,fentanyl,,,,,,,,
canadian,authorities,intercepted,human,smuggling,attempt,niagara,region,part,larger,border,security,effort,,,,,,,,,,,,,,,,
investors,overreacting,tariff,trade,drama,capital,markets,says,invest,long,term,market,rally,continues,,,,,,,,,,,,,,,
president,donald,trump,executive,orders,involving,doge,birthright,citizenship,among,targeted,lawsuits,,,,,,,,,,,,,,,,,
hezbollah,lebanon,powerful,political,players,significantly,weakened,conflict,israel,,,,,,,,,,,,,,,,,,,,
president,donald,trump,mexican,president,claudia,sheinbaum,planned,tariffs,hold,monday,month,give,time,negotiations,mexico,said,planned,deploy,members,national,guard,address,drug,trafficki,,,,
attempts,canada,gone,poorly,since,trump,rhetoric,threatens,repeat,,,,,,,,,,,,,,,,,,,,
american,funding,helps,cover,shelters,fuel,evacuation,vehicles,salaries,workers,,,,,,,,,,,,,,,,,,,
brand,reputation,stock,price,harmed,goes,overboard,social,media,company,said,filing,investors,,,,,,,,,,,,,,,,
trump,team,takes,immigration,rules,deal,plans,purge,programmes,workers,,,,,,,,,,,,,,,,,,,
mark,zuckerberg,meta,terminating,major,programs,effective,immediately,including,hiring,training,picking,suppliers,axios,meta,said,changing,course,legal,policy,landscape,surrounding,diversity,equity,inclusio,,,,
backlash,challenged,many,companies,practitioners,approach,creating,equitable,workplaces,fewer,considered,whether,work,room,improve,framework,built,around,core,outcomes,fairness,access,incl,,,,,,
costco,shareholders,voted,overwhelmingly,reject,motion,would,seek,report,risks,diversity,equity,inclusion,company,hiring,practices,,,,,,,,,,,,,
costco,shareholders,voted,anti,proposal,days,president,trump,issued,sweeping,rules,federal,agencies,,,,,,,,,,,,,,,,
amazon,said,halting,diversity,inclusion,initiatives,joining,growing,list,major,corporations,made,similar,moves,face,increasing,public,legal,scrutiny,report,internal,note,staffers,,,,,,
meta,employees,took,internal,forum,viewed,business,insider,vent,disappointment,anger,roll,back,,,,,,,,,,,,,,,,
target,said,friday,ending,multiple,diversity,related,programs,help,company,remain,step,evolving,external,landscape,,,,,,,,,,,,,,
jpmorgan,costco,efforts,help,drive,innovation,success,though,companies,like,meta,walmart,scaling,back,policies,,,,,,,,,,,,,,
companies,including,walmart,walk,back,soften,policies,club,says,openness,connection,remain,important,,,,,,,,,,,,,,,,
christian,sewing,deutsche,bank,latest,express,support,company,initiatives,,,,,,,,,,,,,,,,,,,,
recent,years,right,leaning,leaders,politics,tech,like,donald,trump,elon,musk,attacked,value,diversity,equity,inclusion,initiatives,elise,smith,founder,tech,startup,praxis,labs,learning,,,
food,drug,administration,project,promote,diversity,clinical,studies,cancer,treatments,removed,agency,website,trump,administration,halts,initiatives,,,,,,,,,,,,
president,trump,wants,disaster,relief,funds,political,leverage,says,programs,illegal,wants,investigations,military,extremism,,,,,,,,,,,,,,
trump,blamed,fires,california,governor,gavin,newsom,water,policies,musk,said,blazes,spread,fire,department,focus,diversity,equity,inclusion,programs,,,,,,,,,
federal,employees,roles,placed,leave,wednesday,according,memo,following,president,trump,executive,order,,,,,,,,,,,,,,,,
tech,giants,continue,rollback,policies,europe,tech,ecosystem,braces,changing,sentiments,ripple,across,atlantic,,,,,,,,,,,,,,,
letter,costco,republican,state,attorneys,general,urged,company,policies,publicly,supported,,,,,,,,,,,,,,,,,,
four,firm,published,report,recommendations,boost,strategies,trump,calls,private,sector,ditch,,,,,,,,,,,,,,,,,
meta,mark,zuckerberg,addresses,company,rollback,programs,community,notes,model,leaked,recording,hands,meeting,,,,,,,,,,,,,,,
blankson,chief,marketing,officer,naacp,leading,organization,storytelling,advocacy,campaigns,critical,moment,first,foray,daytime,,,,,,,,,,,,,,
italian,bank,monte,paschi,siena,said,friday,launching,larger,rival,mediobanca,potential,billion,euro,billion,,,,,,,,,,,,,,
trump,administration,moved,affirmative,action,federal,contracting,directed,federal,staff,paid,leave,eventually,laid,first,salvo,aggressive,campaign,upend,efforts,nationwide,,,,,,,,
president,trump,blames,shortage,recruits,programs,yorker,writer,dexter,filkins,says,enough,people,want,enlist,many,pass,weight,limit,aptitude,test,,,,,,,,
professor,shaun,harper,explains,president,donald,trump,decision,eliminate,federal,related,jobs,negatively,impacts,workers,,,,,,,,,,,,,,
experts,field,anti,discrimination,programs,intended,produce,merit,based,systems,president,donald,trump,implemented,anti,executive,orders,,,,,,,,,,,,
employee,spoke,gizmodo,unprecedented,changes,,,,,,,,,,,,,,,,,,,,,,,,
space,agency,working,comply,executive,order,targeting,diversity,inclusion,federal,agencies,,,,,,,,,,,,,,,,,,
none,,,,,,,,,,,,,,,,,,,,,,,,,,,,
president,donald,trump,began,white,house,briefing,thursday,moment,silence,prayer,victims,wednesday,crash,reagan,national,,,,,,,,,,,,,
none,,,,,,,,,,,,,,,,,,,,,,,,,,,,
none,,,,,,,,,,,,,,,,,,,,,,,,,,,,
none,,,,,,,,,,,,,,,,,,,,,,,,,,,,
john,hope,bryant,argues,beyonc,history,making,grammy,demonstrates,influence,ownership,even,powerful,,,,,,,,,,,,,,,,
prominent,right,wing,influencers,claiming,response,angeles,wildfires,hampered,workplace,diversity,policies,part,wider,strategy,discredit,policies,,,,,,,,,,,,
several,federal,agencies,begun,removing,resources,underrepresented,americans,webpages,following,president,donald,trump,executive,order,cracking,diversity,equity,inclusion,initiatives,,,,,,,,,
right,lawmakers,extremist,influencers,world,celebrating,trump,early,days,office,advocating,similar,efforts,countries,,,,,,,,,,,,,,,
army,veteran,dream,trump,buyout,offer,federal,workers,going,make,resign,,,,,,,,,,,,,,,,,,
emails,greeted,dropping,horror,recipients,,,,,,,,,,,,,,,,,,,,,,,,
president,also,reinstate,servicemembers,discharged,refusing,covid,vaccines,,,,,,,,,,,,,,,,,,,,,
none,,,,,,,,,,,,,,,,,,,,,,,,,,,,
incoming,president,donald,trump,issue,executive,order,would,dismantle,diversity,equity,inclusion,initiatives,within,federal,government,,,,,,,,,,,,,
president,trump,announced,major,initiative,called,stargate,firms,involved,policies,goal,eliminating,programs,,,,,,,,,,,,,,,,
president,donald,trump,executive,order,directing,federal,agencies,encourage,private,companies,abandon,policies,mean,businesses,,,,,,,,,,,,,,
without,citing,evidence,president,said,initiatives,traffic,controllers,democratic,presidents,partly,blame,wednesday,tragic,washington,collision,,,,,,,,,,,,,
specific,reason,given,three,employees,told,news,believe,common,thread,among,attendance,voluntary,diversity,training,,,,,,,,,,,,,,
company,terminating,programs,latest,shift,away,progressive,policy,,,,,,,,,,,,,,,,,,,,,
department,government,efficiency,doge,scrutinizing,national,oceanic,atmospheric,administration,noaa,,,,,,,,,,,,,,,,,,,
president,donald,trump,purge,diversity,initiatives,affected,federal,agencies,institutions,fund,including,work,indigenous,communities,,,,,,,,,,,,,,
meta,remaking,company,image,donald,trump,,,,,,,,,,,,,,,,,,,,,,,
mark,zuckerberg,told,rogan,meta,eventually,reach,point,coding,apps,done,,,,,,,,,,,,,,,,,,
project,called,remove,shows,tweaks,used,remove,forbidden,words,database,childhood,school,readiness,,,,,,,,,,,,,,,,
cause,determined,washington,plane,crash,president,donald,trump,quick,assign,blame,thursday,democrats,factors,,,,,,,,,,,,,,,
upcoming,change,presidency,seen,number,companies,make,changes,long,standing,policies,fields,spanning,content,moderation,policies,reported,friday,however,apple,holding,firm,diversity,equity,,,,,
fatal,collision,passenger,plane,military,helicopter,expected,killed,involved,,,,,,,,,,,,,,,,,,,,
right,users,formerly,twitter,singling,individual,activision,blizzard,employees,comments,made,support,inclusion,company,,,,,,,,,,,,,,,
commissioner,alvaro,bedoya,offered,scathing,dissenting,opinion,agency,guidelines,,,,,,,,,,,,,,,,,,,,
trump,provided,evidence,said,common,sense,crash,caused,diversity,hiring,,,,,,,,,,,,,,,,,,,
following,republican,victory,elections,several,companies,experimented,pivoting,away,diversity,ethics,inclusion,collection,employment,practices,aimed,challenging,bias,prejudice,workplace,faceboo,,,,,,,,
decision,america,favorite,sports,league,tells,anticipatory,obedience,,,,,,,,,,,,,,,,,,,,,
president,trump,signed,number,executive,orders,monday,night,aimed,military,breakdown,signed,,,,,,,,,,,,,,,,,
meta,chief,wrote,post,workplace,company,internal,forum,company,extensive,performance,based,cuts,,,,,,,,,,,,,,,,
called,federal,agencies,ensure,grants,programs,aligned,trump,administration,priorities,,,,,,,,,,,,,,,,,,,
incoming,president,plans,sign,many,executive,orders,administration,begins,,,,,,,,,,,,,,,,,,,,
trump,clear,message,business,leaders,address,world,economic,forum,,,,,,,,,,,,,,,,,,,,
initiatives,promise,transformative,change,creative,industries,often,devolve,performative,actions,undermine,trust,stifle,innovation,,,,,,,,,,,,,,,
none,,,,,,,,,,,,,,,,,,,,,,,,,,,,
ahead,annual,shareholders,meeting,apple,asked,investors,vote,proposal,company,abandon,diversity,hiring,practices,apple,parkapple,shareholders,meeting,february,ever,regular,,,,,,,,
sunday,edition,today,bringing,highlights,world,economic,forum,davos,switzerland,,,,,,,,,,,,,,,,,,,
fatal,crash,potomac,river,president,says,diversity,hiring,made,skies,unsafe,disability,hiring,works,,,,,,,,,,,,,,,
apple,filed,annual,proxy,report,shareholders,today,ahead,annual,shareholders,meeting,next,month,report,reveals,information,cook,compensation,calls,shareholders,vote,proposal,diversity,,,,,,
first,weeks,second,trump,presidency,marked,flurry,often,illegal,executive,orders,frequently,centered,around,removal,diversity,equity,inclusion,language,anywhere,presidency,touch,mandate,,,,,,
passenger,plane,collided,military,helicopter,skies,washington,wednesday,trump,administration,already,using,disaster,political,clout,press,conference,thursday,brief,reporters,state,search,,,,,,,
federal,pause,affect,federal,student,loans,pell,grants,impact,student,programs,remains,unclear,,,,,,,,,,,,,,,,
nasa,employees,received,memo,acting,agency,administrator,janet,petro,wednesday,mandating,closure,diversity,equity,inclusion,accessibility,initiatives,contracts,,,,,,,,,,,
thursday,york,times,published,lengthy,story,rise,power,stephen,miller,longtime,loyalist,donald,trump,known,hardline,views,immigration,normally,story,like,much,attention,tech,press,,,,
number,prominent,companies,scaled,back,aside,diversity,equity,inclusion,initiatives,much,corporate,america,endorsed,following,protests,accompanied,minneapolis,police,killing,george,floyd,black,,,,,,
former,head,tussled,musk,wanted,fine,spacex,safety,violations,resigned,trump,election,replaced,,,,,,,,,,,,,,,,
none,,,,,,,,,,,,,,,,,,,,,,,,,,,,
multiple,health,agency,websites,contraception,taken,comply,executive,orders,,,,,,,,,,,,,,,,,,,,
jocelyn,samuels,trump,pick,fill,democratic,seat,equal,employment,opportunity,commission,fired,january,accused,embracing,radical,ideology,,,,,,,,,,,,
costco,cost,sticking,diversity,equity,inclusion,commitments,walmart,faces,backlash,investors,pullback,walmart,also,venturing,luxury,resale,selling,brands,like,chanel,prada,online,meanwhile,,,,,
phones,kitchen,appliances,clothes,trump,tariffs,chinese,imports,could,result,slew,higher,prices,,,,,,,,,,,,,,,,
donald,trump,leadership,style,sometimes,brash,approach,deliver,short,term,wins,longer,term,methods,could,costly,,,,,,,,,,,,,
trump,administration,continues,targeting,science,seeking,slash,funding,american,science,look,fundamentally,different,,,,,,,,,,,,,,,,
trump,administration,continues,targeting,science,seeking,slash,funding,american,science,look,fundamentally,different,,,,,,,,,,,,,,,,
president,america,stood,national,television,said,reason,helicopter,flew,commercial,diversity,work,place,view,entire,post,,,,,,,,,,,,,
comeback,donald,trump,pousse,nombreuses,entreprises,revenir,leurs,politiques,diversit,galit,inclusion,virage,anti,woke,concerne,grandement,silicon,valley,mais,apple,semble,entrer,sistance,,,,,
lemon,urging,donald,trump,take,look,mirror,saying,definition,trump,hire,watch,clip,says,trump,seems,think,diversity,equity,inclusion,stands,unqualified,,,,,,,
hrliche,aktion,rsbericht,apple,legt,nicht,cooks,gehalt,offen,sondern,fordert,auch,bestehende,politik,stimmen,apple,wirtschaft,,,,,,,,,,,,
american,cancer,society,calling,trump,administration,restore,access,comprehensive,scientific,data,,,,,,,,,,,,,,,,,,
time,many,large,companies,scaling,back,diversity,equity,inclusion,efforts,costco,standing,firm,commitment,initiatives,read,,,,,,,,,,,,,
trump,expected,sign,slew,actions,relating,immigration,issues,,,,,,,,,,,,,,,,,,,,,
video,footage,incident,shows,aircraft,flying,altitude,explosion,happened,moment,impact,national,transportation,safety,board,investigating,,,,,,,,,,,,,
reporting,continue,focus,happened,learning,victims,telling,stories,,,,,,,,,,,,,,,,,,,,,
mark,zuckerberg,said,meta,plans,make,extensive,performance,based,cuts,staff,questioned,work,practice,,,,,,,,,,,,,,,
said,follow,unfollow,requests,take,time,accounts,switch,hands,trump,administration,,,,,,,,,,,,,,,,,,
antes,terminar,avanzamos,ltima,megaconstrucci,china,realidad,amos,hablar,otra,como,fuera,algo,larga,lista,porque,posiblemente,trate,proyectos,ambiciosos,recuerd,,,,,,,,
murky,setback,daca,sara,weissman,appeals,court,ruled,daca,unlawful,limited,scope,stayed,ruling,students,immediate,changes,byline,sara,weissman,murky,,,,,,,,
constitution,federal,court,decisions,make,clear,president,donald,trump,order,pause,federal,funding,legal,experts,tell,news,,,,,,,,,,,,
federal,appeals,court,friday,declared,deferred,action,childhood,arrivals,immigration,policy,unlawful,,,,,,,,,,,,,,,,,
immediate,risk,next,week,presidential,transition,residents,nations,donald,trump,mused,invading,millions,undocumented,migrants,vows,deport,including,young,people,remember,life,,,,,,,
bruna,sollod,deferred,action,childhood,arrivals,program,likely,president,elect,donald,trump,next,term,comes,next,post,must,defend,dacamented,community,members,appeared,first,nation,,,,
puede,aprovechar,tropiezo,liverpool,para,acabar,primero,esta,fase,liguilla,conjunto,italiano,remontando,tantos,yamal,pero,entre,ocho,mejores,leer,,,,,,,,,
trump,order,seeking,disqualify,immigrant,babies,citizenship,strikes,blow,constitutional,bedrock,aclu,claims,,,,,,,,,,,,,,,,
washington,appeals,court,friday,ruled,outgoing,democratic,president,biden,effort,protect,immigrants,illegally,brought,children,siding,texas,days,republican,president,elect,donald,trump,takes,office,,,,
standing,capitol,rotunda,monday,president,donald,trump,captured,vibes,buoying,republicans,american,right,writ,large,promised,lengthy,list,crackdowns,policy,reversals,recent,election,mandate,completely,,,,
recent,presidents,united,states,issued,fewer,executive,orders,,,,,,,,,,,,,,,,,,,,,
arrest,happened,miami,dade,county,florida,despite,teacher,reported,dreamer,status,,,,,,,,,,,,,,,,,,
december,court,ruling,blocked,implementation,regulations,states,allowed,daca,recipients,access,obamacare,,,,,,,,,,,,,,,,,
monday,evening,hours,donald,trump,inauguration,senate,passed,laken,riley,extreme,bill,would,allow,deportation,detention,undocumented,immigrant,merely,suspected,nonviolent,crime,,,,,,,
much,donald,trump,done,first,eight,days,back,white,house,legally,unjustifiable,uncertain,whether,supreme,court,anything,stop,particularly,egregious,cases,trump,ordered,birthright,,,,,
republicans,prized,immigration,bill,laken,riley,apparently,expensive,implement,according,immigration,customs,enforcement,memo,circulating,senate,offices,spells,staggering,cost,,,,,,,,,
inglaterra,impuso,combinado,galo,ahora,seriamente,condicionadas,opciones,ganar,tulo,leer,,,,,,,,,,,,,,,,,,
infla,decembrie,potrivit,datelor,transmise,institutul,ional,statistic,decembrie,serviciile,scumpit,peste,alimentele,decembrie,,,,,,,,,,,,,,,
elul,gala,petrolul,ploie,terminat,egalitate,scor,meciul,disputat,etapa,superliga,lotul,elului,suferit,numeroase,modific,aceast,perioad,transferuri,important,produc,,,,,,,,
bambadjan,bamba,actor,immigrant,rights,advocate,told,newsweek,message,community,speak,organize,fight,back,courts,,,,,,,,,,,,,,
partidazo,nbsp,nigel,williams,goss,lider,equipo,tiempo,extra,leer,,,,,,,,,,,,,,,,,,,
need,leaders,humanity,willing,craft,solutions,benefit,americans,,,,,,,,,,,,,,,,,,,,,
nan,,,,,,,,,,,,,,,,,,,,,,,,,,,,
pasado,semana,bills,consiguieron,acabar,ravens,gracias,error,garrafal,mark,andrews,este,domingo,ante,kansas,city,buffalo,salido,cruz,tras,intenso,toma,daca,vigentes,campeones,bills,,,
quando,pessoas,come,aram,deixar,reas,rurais,para,cidades,esperan,encontrar,vida,melhor,elas,provavelmente,esperavam,urbaniza,tanto,controle,veja,tamb,ritual,anual,oceano,mumbai,devolvend,,,
nicol,gonz,medina,woodblock,designs,amplify,fight,immigrant,rights,amid,trump,sweeping,crackdown,undocumented,people,,,,,,,,,,,,,,
trump,return,presidency,prove,significant,five,important,cases,developments,late,last,week,,,,,,,,,,,,,,,,,
menos,pakistan,pasado,gran,canaria,para,deportados,despu,haber,recorrido,metros,aire,hasta,llegar,europa,hemeroteca,violencia,cambio,clim,tico,negocio,control,fronte,,,,,,
last,week,bishop,mariann,edgar,budde,episcopal,diocese,washington,received,backlash,injected,politics,sermon,prayer,meeting,president,trump,vice,president,vance,respective,families,,,,,,
senate,voted,advance,bill,thursday,would,allow,government,detain,undocumented,immigrants,accused,committing,nonviolent,crimes,following,house,passage,bill,wednesday,laken,riley,advanced,vote,,,,,
promessas,campanha,donald,trump,anunciou,pretende,deportar,milh,imigrantes,primeiras,novo,presidente,norte,americano,acenderam,este,artigo,escrito,ncia,brasil,este,artigo,apareceu,originalmente,,,,,
murky,setback,daca,sara,weissman,appeals,court,ruled,daca,unlawful,limited,scope,stayed,ruling,students,immediate,changes,byline,sara,weissman,murky,setback,,,,,,,
palo,simo,primer,partido,cuartos,final,mundial,balonmano,croacia,dinamarca,noruega,hungr,dirigida,cnico,espa,chema,rodr,guez,ganaba,zagreb,anfitriones,croatas,cuatro,goles,cinco,minutos,final,,
lucas,amaral,vivia,documentos,legais,parado,blitz,caminho,trabalho,segundo,advogada,nunca,cometeu,crimes,,,,,,,,,,,,,,,
among,many,items,evaluated,cuts,several,student,loan,forgiveness,relief,programs,well,healthcare,spending,breakdown,,,,,,,,,,,,,,
morristown,rmare,sedan,blev,stad,tennessee,symbolen,donald,trumps,jakt,pappersl,migranter,narna,morristown,massdeportationer,migranterna,litar,skydda,kanske,,,,,,,,,,
daishi,miguel,tanaka,earliest,memories,walking,first,grade,class,california,struck,diverse,student,body,kids,shapes,colors,holding,hands,hearts,saying,pledge,,,,,,,
juez,federal,bloque,temporalmente,decisi,presidencial,otras,demandas,marcha,tribunales,solicitantes,asilo,otras,migrantes,esperan,pronto,siguen,batalla,judicial,ansiedad,preocupaci,,,,,,,,
corte,federal,apelaciones,nueva,orleans,fall,ayer,contra,tica,obama,destinada,proteger,inmigrantes,llegaron,estados,unidos,manera,ilegal,cuando,eran,tres,antes,trump,asuma,presidencia,,,,
legislation,expands,federal,government,mandate,detain,undocumented,immigrants,,,,,,,,,,,,,,,,,,,,,
jazmin,daca,recipient,travel,nurse,discusses,fears,loved,ones,amid,trump,deportation,policies,position,limbo,,,,,,,,,,,,,,
juiz,federal,bloqueou,temporariamente,decis,presidente,outros,processos,andamento,tribunais,solicitantes,asilo,outras,migrantes,esperam,breve,acompanhando,batalha,judicial,ansiedade,preocupa,,,,,,,,
mintea,edintelui,edintele,anterior,ordin,poate,fora,golful,mexic,plan,boom,ntrebare,care,anali,neamului,rateaz,daca,chinezii,bine,chip,insist,taiwa,,,,,,,
going,long,four,years,,,,,,,,,,,,,,,,,,,,,,,,,
real,valladolid,logrado,triunfo,vital,lucha,permanencia,costa,real,betis,cada,distancia,plazas,europeas,despu,ganar,solo,ocho,ltimos,partidos,liga,nuevo,zorrilla,vallisoletano,,,,,
alguien,pensaba,thomas,heurtel,estaba,acabado,fichaje,merec,pena,franc,encarg,quitarle,error,partido,ayer,badalona,ahora,base,leyma,coru,puntos,asistencias,igualar,,,,,,
florida,middle,school,science,teacher,reportedly,detained,immigration,officials,faces,deportation,despite,part,deferred,action,childhood,arrivals,daca,program,unnamed,middle,school,teacher,miami,dade,county,,,
democratic,states,look,defend,biden,healthcare,rule,daca,immigrants,,,,,,,,,,,,,,,,,,,,
victor,negrescu,eurodeputat,vicepre,edinte,parlamentului,european,afirmat,sper,existe,candidatur,fostului,lider,victor,ponta,alegerile,preziden,iale,contextul,care,coali,candidat,comun,,,,,,
trump,prometido,durante,campa,tambi,luego,ganar,elecciones,noviembre,solo,acelerar,deportaci,inmigrantes,indocumentados,sino,hecho,emprender,mayor,programa,deportaci,historia,post,,,,,,,
deportaci,masiva,creado,incertidumbre,entre,migrantes,residen,illinois,otras,entidades,sentido,surge,pregunta,documentos,lidos,para,presentar,ante,agentes,,,,,,,,,,
fatimah,azeem,measures,allow,local,noncitizen,voting,failed,last,election,always,case,throughout,american,history,post,case,letting,noncitizens,vote,appeared,first,nation,,,,,,
federal,appeals,court,ruled,obama,policy,shielding,hundreds,thousands,immigrants,long,lived,united,states,deportation,,,,,,,,,,,,,,
retorno,casa,branca,donald,trump,conta,maioria,ambas,casas,congresso,suprema,corte,conservadora,rias,ocasi,favoreceu,agenda,,,,,,,,,,,,
chris,cuomo,questioned,democratic,california,bera,wednesday,party,past,reluctance,deport,illegal,immigrant,criminals,,,,,,,,,,,,,,,
influencer,fost,strad,sectorul,capitalei,insistat,filmeze,interviu,poli,fost,anun,prin,apel,influencerul,ajuns,spital,cercet,pentru,sirea,agresorului,,,,,,,,,
medida,anunciada,atrav,redes,sociais,pelo,governador,banguecoque,afirmou,escolas,administra,metropolitana,banguecoque,foram,encerradas,devido,polui,,,,,,,,,,,,
dreamer,owned,food,establishments,told,newsweek,migrants,like,want,show,,,,,,,,,,,,,,,,,,,
choosing,cardinal,robert,mcelroy,lead,archdiocese,washington,pope,sending,message,incoming,president,promising,mass,deportations,,,,,,,,,,,,,,
federal,appeals,court,ruled,obama,policy,shielding,hundreds,thousands,immigrants,long,lived,united,states,deportation,,,,,,,,,,,,,,
regreso,casa,blanca,donald,trump,cuenta,mayor,ambas,maras,congreso,corte,suprema,conservadora,varias,ocasiones,favorecido,agenda,contamos,pueden,limitaciones,poder,mandatario,,,,,,,
mandates,detention,illegal,immigrants,accused,serious,crimes,regardless,whether,convicted,,,,,,,,,,,,,,,,,,,
omnipresente,chima,moneke,baskonia,este,domingo,ante,breog,partido,liga,endesa,baloncesto,decidi,ltimo,cuarto,locales,estuvieron,acertados,ataque,defensa,,,,,,,,,
december,court,ruling,blocked,implementation,regulations,states,allowed,daca,recipients,access,obamacare,,,,,,,,,,,,,,,,,
venezuelan,josnexcy,martinez,staying,shelter,texas,border,city,said,afraid,getting,swept,raid,targeting,migrants,even,though,entered,country,legally,,,,,,,,,
allowing,campus,utter,contradiction,duke,values,post,leftist,student,groups,duke,throw,inclusion,campus,fair,first,appeared,tion,,,,,,,,,,,
accident,tragic,avut,comuna,chiajna,ianuarie,ofer,care,intrat,coliziune,autoturism,ajuns,trotuar,unde,intrat,pietoni,unul,pietoni,stare,foarte,,,,,,,,,
trend,periculos,elele,socializare,care,determin,tineri,urce,garniturile,metrou,care,este,iune,este,extrem,riscant,poate,avea,consecin,tragice,avertizeaz,poli,capitalei,,,,,,
cluj,napoca,scump,imobiliar,circa,euro,metru,trat,toate,acestea,agen,iile,imobiliare,exagereaz,teodat,lipsite,orice,argument,astfel,garsonier,centrul,ului,,,,,,,
democrats,facing,first,test,issue,immigration,donald,trump,second,term,week,,,,,,,,,,,,,,,,,,
tabling,campus,asking,fellow,students,report,criminal,classmates,deportation,post,student,group,read,,,,,,,,,,,,,,,,
xico,deber,desarrollar,oportunidades,laborales,educativas,para,venes,sean,deportados,administraci,donald,trump,pues,trata,sector,poblaci,cuenta,muchas,habilidades,competencias,principalmente,tecnol,gica,,,,,
trump,kicking,second,term,flurry,executive,actions,look,three,main,types,orders,proclamations,memorandum,typically,work,,,,,,,,,,,,,
familie,trei,copii,constat,orice,destina,popular,pentru,vacan,spania,italia,fran,croa,sejur,mare,trei,copii,necesit,vinzi,rinichi,cere,sfaturi,grup,torii,care,fost,cele,bune,
attorneys,general,filing,suits,challenging,trump,moves,limit,birthright,citizenship,freeze,federal,loans,,,,,,,,,,,,,,,,
courtesy,jazmin,since,president,donald,trump,first,office,ramped,mass,deportation,plans,jazmin,brought,shares,receiving,daca,allowed,become,nurse,reflects,fear,uncerta,,,,,,
tekrar,koltu,oturan,donald,trump,kongre,deki,cumhuriyet,parti,kontrol,ksek,mahkeme,deki,muhafazak,yarg,unlu,veniyor,ancak,trump,denge,denetleme,mekanizmalar,uzmanlar,,,,,,
publicly,revealed,status,daca,recipient,undocumented,immigrant,career,family,life,built,line,tired,tired,fear,xenophobia,political,campaigns,reduced,people,like,dangerou,,,,,,,
arturo,novak,djokovic,menos,puntos,importantes,momentos,indicados,para,avanzar,semifinales,abierto,australia,tras,derrotar,carlos,alcaraz,partidazo,,,,,,,,,,,
manuel,colegio,frontera,norte,colef,calcul,millones,mexicanos,enfrentan,potencial,deportaci,estados,unidos,pero,descart,niveles,expulsi,generen,caos,acuerdo,colef,administraci,dona,,,,,,
homeland,security,secretary,undid,biden,administration,extension,temporary,protected,status,wednesday,,,,,,,,,,,,,,,,,,
velshi,shares,stories,women,risk,mixed,status,families,separated,trump,second,term,immigration,plans,,,,,,,,,,,,,,,
find,trump,proposed,policies,topic,outrageous,democratic,representative,yassamin,ansari,told,newsweek,,,,,,,,,,,,,,,,,
immigration,customs,enforcement,ramping,raids,across,united,states,arresting,people,operations,monday,detaining,similar,number,sunday,immigrant,communities,allies,raids,violate,human,rights,,,,,,
reac,elele,socializare,fost,prezentatoare,povestit,experien,care,avut,recent,avion,ntreb,ciune,asta,lipsa,empatie,proast,tere,teama,jigni,femeia,puternic,,,,,,,
produsul,intern,brut,stagnat,treilea,trimestru,anului,trecut,comparativ,trimestrul,anterior,urile,consider,surile,austeritate,viitorul,apropiat,,,,,,,,,,,,
olympiacos,hizo,este,martes,vitoria,forzar,tiempo,extra,llevarse,triunfo,ante,baskonia,choque,mejorando,paso,minutos,encontr,liderazgo,nigel,williams,goss,momentos,,,,,,,
valenciano,tosha,schareina,sigue,batallando,ganar,primer,dakar,moto,acabar,sequ,espa,ruedas,carrera,dura,mundo,desde,marc,coma,ganara,ltimo,touaregs,,,,,,,
president,trump,recent,action,birthright,citizenship,eventually,decided,courts,probably,supreme,court,conflicting,opinions,political,biases,birthright,citizenship,constit,,,,,,,,,,
alegerea,numelui,unei,asociate,unui,produs,este,adesea,afacere,complicat,deoarece,aplic,multe,reguli,acela,timp,general,trebuie,acordat,aten,rcilor,vechi,care,putea,afecteze,procesul,,,
subida,aranceles,deportaciones,masivas,tensiones,bilaterales,algunos,parte,,,,,,,,,,,,,,,,,,,,,
guvernul,modificat,ordonan,urgen,privind,organizarea,alegerilor,preziden,iale,consiliul,legislativ,avertizat,textul,este,neclar,poate,interpretat,orice,persoan,fizic,,,,,,,,,
mass,deportation,,,,,,,,,,,,,,,,,,,,,,,,,,,
much,america,history,idea,deporting,people,never,mind,mass,deportations,unheard,prior,century,america,barely,immigration,laws,people,sort,showed,help,fill,young,hungry,,,,,
donald,trump,second,term,president,united,states,could,usher,significant,changes,education,system,administration,push,dismantling,department,education,alter,student,loan,forgiveness,programs,,,,,,
alejandrina,franco,preocupados,futuro,familiares,bajo,lema,somos,somos,integrantes,organizaci,binational,dream,viajaron,estados,unidos,xico,para,dialogar,autoridades,mexicanas,sobre,ince,,,,,,
move,revoke,extension,temporary,protected,status,would,make,hundreds,thousands,venezuelans,eligible,deportation,,,,,,,,,,,,,,,,
trump,mass,deportation,plans,could,hinder,wildfire,rebuilding,efforts,faced,housing,construction,worker,shortages,,,,,,,,,,,,,,,
president,donald,trump,mass,deportation,plans,could,significant,economic,side,effect,draining,social,security,funding,,,,,,,,,,,,,,
president,mass,deportation,plans,could,funnel,huge,profits,private,prison,companies,like,corecivic,,,,,,,,,,,,,,,,
president,donald,trump,mass,deportation,plans,could,make,harder,older,americans,access,healthcare,increase,costs,,,,,,,,,,,,,,
local,government,officials,around,signal,assist,cases,actively,oppose,trump,administration,efforts,conduct,massive,deportation,migrants,,,,,,,,,,,,,
confirmed,noem,would,lead,department,poised,center,trump,immigration,policy,priorities,including,deportation,efforts,visa,changes,border,security,,,,,,,,,,,
pentagon,signaled,earlier,week,force,could,used,deportation,flights,happening,,,,,,,,,,,,,,,,,,,
president,donald,trump,also,imposed,travel,colombian,government,officials,visa,sanctions,individuals,tied,country,government,,,,,,,,,,,,,,
none,,,,,,,,,,,,,,,,,,,,,,,,,,,,
biggest,hurdles,carrying,trump,mass,deportation,plans,house,millions,people,country,without,legal,status,many,prisons,detention,centers,already,overcrowded,options,,,,,,,,
even,trump,administration,mass,deportation,undocumented,migrants,unfolding,boat,packed,migrants,intercepted,california,coast,,,,,,,,,,,,,,,
nearly,venezuelans,obtained,work,permits,temporary,protected,status,lose,protections,april,,,,,,,,,,,,,,,,,,
trump,border,czar,homan,urging,local,enforcement,agencies,support,immigration,efforts,,,,,,,,,,,,,,,,,,
none,,,,,,,,,,,,,,,,,,,,,,,,,,,,
none,,,,,,,,,,,,,,,,,,,,,,,,,,,,
none,,,,,,,,,,,,,,,,,,,,,,,,,,,,
none,,,,,,,,,,,,,,,,,,,,,,,,,,,,
mike,collins,heavily,criticized,statements,made,right,mariann,budde,tuesday,inaugural,prayer,service,held,president,,,,,,,,,,,,,,
part,president,elect,donald,trump,deportation,plans,carry,raids,starting,tuesday,sources,briefed,plans,told,news,,,,,,,,,,,,,
rubio,depart,first,foreign,trip,visit,countries,central,america,vital,carrying,trump,administration,mass,deportation,plans,,,,,,,,,,,,,
president,donald,trump,made,mass,deportation,undocumented,foreign,nationals,policy,,,,,,,,,,,,,,,,,,,
jpmorgan,thinks,immigration,policy,issue,trump,next,term,,,,,,,,,,,,,,,,,,,,,
homan,spoke,martha,raddatz,week,,,,,,,,,,,,,,,,,,,,,,,,
couple,watched,stands,cheering,clapping,team,,,,,,,,,,,,,,,,,,,,,,,
centuries,houses,worship,served,havens,people,needing,refuge,recent,decades,sanctuary,government,,,,,,,,,,,,,,,,,
president,trump,began,immigration,crackdown,flurry,executive,orders,immigration,experts,hopes,transform,enforcement,southern,border,beyond,,,,,,,,,,,,,
bill,named,georgia,nursing,student,killed,last,year,venezuelan,without,legal,status,criminal,record,,,,,,,,,,,,,,,
incoming,trump,administration,officially,carry,mass,deportations,illegal,immigrants,chicago,washington,denver,,,,,,,,,,,,,,,,,
none,,,,,,,,,,,,,,,,,,,,,,,,,,,,
colombia,president,gustavo,petro,allow,planes,united,states,carrying,migrants,deportation,flights,land,country,said,,,,,,,,,,,,,,
president,trump,aims,deport,migrant,detainees,holding,facility,despite,questionable,legality,move,,,,,,,,,,,,,,,,,
official,said,trump,administration,plans,deport,american,citizens,government,cannot,deport,american,citizens,move,would,legal,challenges,,,,,,,,,,,,
group,immigrant,advocacy,centers,filed,suit,department,homeland,security,shutting,legal,orientation,programs,immigrants,,,,,,,,,,,,,,,
military,mission,border,moving,quickly,white,house,pentagon,making,priority,publicize,news,mission,,,,,,,,,,,,,,,,
none,,,,,,,,,,,,,,,,,,,,,,,,,,,,
trump,campaigned,border,security,promises,allies,argue,electoral,endorsement,upcoming,actions,issue,,,,,,,,,,,,,,,,,
republican,leaders,state,legislature,support,president,trump,pledge,combat,illegal,immigration,want,deal,issues,identified,desantis,schedule,,,,,,,,,,,,
decrease,immigration,increase,retirements,could,help,people,find,work,year,factors,could,create,problems,economy,,,,,,,,,,,,,,
acting,deputy,attorney,general,emil,bove,said,local,laws,match,trump,immigration,plans,threaten,national,security,,,,,,,,,,,,,
homan,spoke,martha,raddatz,week,,,,,,,,,,,,,,,,,,,,,,,,
wednesday,trump,sign,laken,riley,administration,first,piece,legislation,,,,,,,,,,,,,,,,,,,,
colombia,india,trump,deportation,targets,reacting,arrests,deportation,flights,,,,,,,,,,,,,,,,,,,,
president,trump,decades,policy,prevented,agents,arresting,migrants,without,legal,status,sensitive,places,schools,districts,drawing,line,sand,,,,,,,,,,,
incoming,trump,administration,plans,conduct,mass,deportations,would,upend,entire,communities,severe,economic,fallout,mass,deportations,would,reduce,economic,growth,shrink,labor,force,cost,born,workers,jobs,raise,costs
mass,deportation,undocumented,immigrants,would,negative,effect,homebuilding,leading,higher,home,prices,research,finds,,,,,,,,,,,,,,,
deepseek,saga,offers,investors,valuable,lessons,risks,come,market,heavily,focused,theme,,,,,,,,,,,,,,,,,
marco,rubio,embark,first,diplomatic,mission,abroad,since,confirmed,post,visiting,five,countries,central,south,america,,,,,,,,,,,,,
german,voters,polls,february,pivotal,vote,focused,immigration,economy,,,,,,,,,,,,,,,,,,,,
president,donald,trump,plans,sign,laken,riley,administration,first,piece,legislation,,,,,,,,,,,,,,,,,,
polling,tells,americans,support,president,donald,trump,mass,deportations,,,,,,,,,,,,,,,,,,,,
could,request,troops,help,efforts,along,mexico,border,according,internal,border,patrol,memo,obtained,news,,,,,,,,,,,,,,
california,gavin,newsom,signed,laws,help,safeguard,state,progressive,policies,challenges,republican,president,donald,trump,administration,,,,,,,,,,,,,
executive,order,directs,government,agencies,available,tools,prosecute,remove,perpetrators,antisemitic,harassment,violence,especially,college,campuses,,,,,,,,,,,,,
episcopal,bishop,washington,spoke,discuss,sermon,addressing,president,trump,asked,mercy,,,,,,,,,,,,,,,,,,
wife,spending,retirement,living,different,countries,americans,wish,known,schengen,rules,traveling,,,,,,,,,,,,,,,,,
marco,rubio,salvador,president,said,agreed,take,deported,foreign,nationals,committed,crimes,also,jailed,citizens,,,,,,,,,,,,,,
planes,arrival,paves,lift,visa,restrictions,imposed,spat,colombia,,,,,,,,,,,,,,,,,,,,
president,petro,says,bogota,block,deportation,flights,migrants,guaranteed,dignified,treatment,,,,,,,,,,,,,,,,,,
donald,trump,threatened,tariffs,imports,colombia,bogota,initially,refused,deportation,flights,,,,,,,,,,,,,,,,,,
efforts,target,immigrants,amid,uprising,point,deportations,might,look,like,trump,,,,,,,,,,,,,,,,,,
mexican,city,already,devastated,policies,mass,deportations,bringing,misery,,,,,,,,,,,,,,,,,,,,
ahead,trump,second,term,democratic,republican,lawmakers,advancing,sweeping,measures,make,life,harder,immigrants,post,building,deportation,machine,trump,appeared,first,intercept,,,,,,,
colombian,president,gustavo,petro,welcomes,free,dignified,deportees,stressing,migrants,criminals,,,,,,,,,,,,,,,,,,
convicted,bulgarian,benefits,fraudster,wants,deported,cannot,sent,home,prosecutors,still,trying,recover,money,stole,,,,,,,,,,,,,,
three,germany,major,parties,saturday,firm,programmes,candidates,ahead,nationwide,elections,february,,,,,,,,,,,,,,,,,
trump,rolls,back,deportation,protections,thousands,venezuelans,second,column,story,link,related,stories,illegal,sent,guantanamo,removed,colombian,migrants,complain,despotic,humiliating,treatm,,,,,,
prospects,raid,chicago,come,weeks,trump,border,czar,homan,visited,city,threatened,prosecute,mayor,cooperate,,,,,,,,,,,,,,
states,sued,block,trump,executive,order,ending,birthright,citizenship,could,impact,many,children,year,,,,,,,,,,,,,,,
president,donald,trump,executive,orders,immigration,deportation,succeeded,radical,overhaul,however,mighty,agenda,monday,familiar,policies,latt,,,,,,,,,,,,
hunderttausende,dokumente,haben,israelische,nationalarchiv,wiener,holocaust,library,ffentlicht,dokumentieren,prozessaussagen,widerstand,,,,,,,,,,,,,,,,,
arrived,undocumented,child,permanent,resident,fears,trump,deport,loved,ones,,,,,,,,,,,,,,,,,,,
leaders,share,cordial,relations,experts,concerns,tariffs,illegal,immigration,might,strain,bilateral,ties,,,,,,,,,,,,,,,,
despite,trump,enthusiasm,rough,treatment,illegal,immigrants,growth,deportation,industrial,complex,party,affair,,,,,,,,,,,,,,,,
ippei,mizuhara,pleaded,guilty,last,year,count,bank,fraud,count,subscribing,false,return,,,,,,,,,,,,,,,,
according,trump,border,czar,homan,every,undocumented,immigrant,worry,could,arrested,time,even,criminal,record,,,,,,,,,,,,,,
president,donald,trump,executive,order,calls,institutions,higher,education,called,monitor,report,activities,alien,students,staff,,,,,,,,,,,,,
several,large,cities,reportedly,expected,trump,immigration,authorities,shortly,inauguration,,,,,,,,,,,,,,,,,,,
despite,tense,relations,maduro,government,suggested,could,coordinate,trump,immigration,enforcement,,,,,,,,,,,,,,,,,,
roughly,people,deported,guatemala,trump,number,expected,rise,,,,,,,,,,,,,,,,,,,,,
furious,defused,president,donald,trump,threat,sanctions,migration,,,,,,,,,,,,,,,,,,,,,
guantanamo,could,used,hold,migrants,transit,waiting,transported,home,countries,,,,,,,,,,,,,,,,,,,
news,phil,lipof,talks,fordham,school,karen,greenberg,president,donald,trump,plan,hold,migrants,guantanamo,,,,,,,,,,,,,,
appointments,canceled,leaving,potentially,thousands,migrants,limbo,second,column,story,link,related,stories,pope,calls,mass,deportation,plan,disgrace,chicago,braces,crackdown,troops,headed,border,,,,
novel,takes,place,near,future,surveillance,state,plots,path,toward,liberation,,,,,,,,,,,,,,,,,,
right,texas,border,residents,tell,migrants,chicago,neighbourhoods,prepare,raids,,,,,,,,,,,,,,,,,,,
salvador,offered,take,criminals,deported,house,mega,jail,,,,,,,,,,,,,,,,,,,,,
mass,deportation,raids,barely,started,faking,prevalence,gives,,,,,,,,,,,,,,,,,,,,,
chicago,mayor,brandon,johnson,says,city,defend,residents,whether,undocumented,whether,seeking,asylum,whether,seeking,good,paying,,,,,,,,,,,,
porn,star,threatened,deportation,plans,sleep,hours,second,column,story,link,related,stories,american,hiker,shot,twice,suspected,cartel,terrorist,near,mexico,border,tent,city,erected,,,
military,forces,home,abroad,different,types,troops,rules,confusing,,,,,,,,,,,,,,,,,,,,
trump,proposed,actions,would,staggering,abuse,statues,,,,,,,,,,,,,,,,,,,,,,
mexican,president,announced,people,sent,country,trump,first,week,office,,,,,,,,,,,,,,,,,,,
india,foreign,minister,tells,parliament,delhi,engaging,ensure,deportees,mistreated,,,,,,,,,,,,,,,,,,,
white,house,said,largest,deportation,operation,history,underway,,,,,,,,,,,,,,,,,,,,,
white,house,said,largest,deportation,operation,history,underway,,,,,,,,,,,,,,,,,,,,,
white,house,said,largest,deportation,operation,history,underway,,,,,,,,,,,,,,,,,,,,,
trump,administration,began,large,deportation,operation,week,making,arrests,thursday,,,,,,,,,,,,,,,,,,,
white,house,said,largest,deportation,operation,history,underway,,,,,,,,,,,,,,,,,,,,,
white,house,said,largest,deportation,operation,history,underway,,,,,,,,,,,,,,,,,,,,,
