LABEL,Date,Source,Title,Headline,Sentiment_Label
Immigration,2025-01-20,The Verge,Donald Trump is officially president again,President Donald Trump sworn into office ushering policies that will have profound effects tech industry including through tariffs immigration,Positive
Immigration,2025-02-08,BBC News,Who s who in German elections and why this vote is important,German voters polls February pivotal vote focused immigration economy,Positive
Immigration,2025-01-31,BBC News,German party could rely on far right again for immigration vote,leader Friedrich Merz need support Bundestag from move that attracted wide condemnation,Negative
Immigration,2025-01-23,Wired,The Global Far Right Is Celebrating Trump s New World Order,right lawmakers extremist influencers world over celebrating Trump early days office advocating similar efforts their countries,Positive
Immigration,2025-02-08,NPR,Trump supporters welcome the first steps in his immigration crackdown,President Trump kicked second term with dramatic crackdown immigration Critics call those moves cruel unnecessary many Trump supporters applauding these early steps,Negative
Immigration,2025-02-09,Business Insider,New Zealand relaxes golden visa rules in bid to attract wealthy investors amid struggling economy,investor visa become simpler more flexible Zealand Immigration Minister Erica Stanford said,Positive
Immigration,2025-01-20,NPR,All of the Day executive actions Trump has announced so far,Trump expected sign slew actions relating immigration other issues,Negative
Immigration,2025-02-05,NPR,Mass deportations will depend on local police Only some are offering to help,Trump border czar Homan urging more local enforcement agencies support immigration efforts,Positive
Immigration,2025-01-21,BBC News,Trump criticises sermon after bishop asks for mercy,Right Mariann Edgar Budde asked President Trump mercy said people across country scared,Positive
Immigration,2025-01-17,NPR,Trump s cabinet pick for Homeland Security is Kristi Noem Here s what to know,confirmed Noem would lead department poised center Trump immigration policy priorities including deportation efforts visa changes border security,Positive
Immigration,2025-01-28,NPR,All the executive orders Trump has signed after week in office,President Trump signed slew orders during first week office impacting policy immigration environment federal diversity programs more,Positive
Immigration,2025-01-25,NPR,Senate confirms Kristi Noem as Trump s Secretary of Homeland Security,Noem will charge executing President Trump biggest priorities second term cracking down immigration,Negative
Immigration,2025-02-03,Business Insider,From JPMorgan to BlackRock The financial firms that file the most H B immigrant work visas,President Trump immigration crackdown raising questions about visa programs skilled workers which financial firms file most,Positive
Immigration,2025-02-04,Business Insider,Trump got what he wanted with the Canada and Mexico tariff pauses even if he didn t get that much,Trump slapped tariffs Canadian Mexican imports pressure them crack down illegal immigration fentanyl They caved,Negative
Immigration,2025-01-26,NPR,DeSantis faces pushback by fellow Republicans on his call for an immigration session,Republican leaders state legislature they support President Trump pledge combat illegal immigration want deal with other issues identified DeSantis their schedule,Negative
Immigration,2025-02-05,NPR,Homeland Security s workforce might not be as big as Trump s immigration goals,Changes hiring retention practices grew department people four years former officials warn that still enough Trump ambitious policy goals,Positive
Immigration,2025-02-04,NPR,The prospect of immigration agents entering schools is sending shockwaves among communities,President Trump decades policy that prevented agents from arresting migrants without legal status sensitive places such schools Most districts drawing line sand,Positive
Immigration,2025-01-24,NPR,Trump officials empower DHS to expel migrants allowed under Biden programs,Immigration officials would have authority quickly expel migrants temporarily admitted separate program certain people fleeing Cuba Haiti Nicaragua Venezuela,Positive
Immigration,2025-02-01,NPR,Prices were a key issue in but Trump makes clear they re not his top priority,While prices economy were issues during campaign President Trump making clear that other issues most notably immigration main focus start second term,Positive
Immigration,2025-01-20,BBC News,Trump to declare national emergency at US Mexico border in flurry of day one orders,incoming president plans sign many executive orders administration begins,Positive
Immigration,2025-02-07,BBC News,Johnson UK s most damaging PM says Reform UK chief,Yusuf tells Political Thinking podcast Johnson would welcome join Reform,Positive
Immigration,2025-01-16,NPR,Trump s challenge where to house millions of immigrant detainees,biggest hurdles carrying Trump mass deportation plans where house millions people country without legal status many prisons detention centers already overcrowded what options there,Positive
Immigration,2025-02-05,BBC News,I d make it harder to get British citizenship says Badenoch,Conservative leader says people shouldn able apply citizenship least years,Positive
Immigration,2025-02-07,Kansas City Star,ICE raids Liberty restaurant and detains at least workers Clay County sheriff confirms,Sheriff Will Akin Kansas City immigration attorney told Star that Homeland Security Investigations agents took least people into custody,Negative
Immigration,2025-01-29,NPR,Trump signs first bill of his second presidency the Laken Riley Act into law,bill named Georgia nursing student killed last year Venezuelan without legal status criminal record,Negative
Immigration,2025-01-21,NPR,Democratic AGs sue over Trump s order to end birthright citizenship,group state attorneys general signed lawsuit filed Tuesday seeking block administration move describing unconstitutional,Positive
Immigration,2025-01-28,ABC News,DHS Secretary Kristi Noem joins immigration enforcement operations in NYC,Kristi Noem joined operations just days after confirmed Senate lead Department Homeland Security,Positive
Immigration,2025-01-23,ABC News,As Trump throws immigration into uncertainty parents grapple potential statelessness,Five undocumented pregnant women President Donald Trump over birthright citizenship executive order,Positive
Immigration,2025-01-20,ABC News,What to know about Trump s immigration and border executive actions,Trump promises sign executive actions address immigration border security Some will likely spark legal battles,Positive
Immigration,2025-01-20,NPR,Trump reinforces use of his Remain in Mexico policy,policy which created implemented during first Trump administration resulted tens thousands migrants waiting extended periods Mexico,Positive
Immigration,2025-01-24,ABC News,What did we learn from Trump s first week,President Donald Trump first week office focused immigration over economy continued play base,Negative
Immigration,2025-01-23,Business Insider,Amazon resumes new US green card applications for foreign workers leaked memo shows,Amazon planned resume green card applications foreign workers January leaked memo shows,Negative
Immigration,2025-01-23,NPR,Trump wants to end birthright citizenship That s easier said than done,Trump executive orders moves birthright citizenship right enshrined Constitution Here what need know about legal principle possible future,Positive
Immigration,2025-02-04,BBC News,Trump faces moment of reckoning on trade after delaying tariffs,president will soon have decide whether match trade rhetoric with action shelve tariff plans,Positive
Immigration,2025-02-04,NPR,The first group of migrants has been sent to Guant namo but legal challenges loom,President Trump aims deport migrant detainees holding facility there despite questionable legality that move,Negative
Immigration,2025-01-23,ABC News,DHS allows US Marshals DEA and ATF to carry out immigration enforcement,Department Homeland Security allowing certain enforcement components from Department Justice carry functions immigration officer,Positive
Immigration,2025-01-23,ABC News,DOJ orders legal service providers to stop providing support at immigration courts,Department Justice told legal service providers receive federal funding stop providing legal orientation immigrants immigration courts,Positive
Immigration,2025-01-14,BBC News,Three arrested in Iraq over alleged UK people smuggling links,National Crime Agency officers were deployed Iraq assist with arrests first operation kind,Positive
Immigration,2025-01-29,Time,Trump Plans to Sign the Laken Riley Act Into Law as His Administration s First Legislation,Wednesday Trump will sign Laken Riley into administration first piece legislation,Positive
Immigration,2025-01-27,Business Insider,New Zealand makes it easier for digital nomads to work as it tries to aid its struggling economy,Zealand making easier tourists work remotely while visiting country part efforts help stagnating economy,Negative
Immigration,2025-01-26,BBC News,Confident organised still freewheeling Trump shows lessons have been learned,Donald Trump first week office shows returned with plan knows avoid some chaos first term,Positive
Immigration,2025-01-29,ABC News,Florida lawmakers pass sweeping immigration bill to help with Trump crackdown,Florida lawmakers have passed sweeping immigration bill setting aside half billion dollars public funds help carry President Donald Trump crackdown people country illegally,Negative
Immigration,2025-02-05,BBC News,India s Modi to visit US and meet Trump next week,leaders share cordial relations experts concerns over tariffs illegal immigration might strain bilateral ties,Negative
Immigration,2025-02-01,ABC News,Rubio to focus on curbing immigration countering China in Latin America,Marco Rubio embark first diplomatic mission abroad since being confirmed post visiting five countries Central South America,Positive
Immigration,2025-02-03,Business Insider,One industry just got a big boost from Trump and it wasn t crypto or Tesla,president mass deportation plans could funnel huge profits private prison companies like CoreCivic,Positive
Immigration,2025-01-21,Le Monde,En direct investiture de Donald Trump retrait de l accord de Paris gr ce pour les meutiers du Janvier immigration les premiers d crets d j sign s,chef Etat ricain gren priorit dans discours avoir serment Capitole immigration Green Deal contr canal Panama,Negative
Immigration,2025-01-30,Gizmodo.com,After Priest Owner Mimics Elon Musk s Salute Staff at Gaming News Site Quit,website GodisaGeek owned Calvin Robinson right priest went viral imitating Elon Musk with Nazi like salute anti abortion summit,Positive
Immigration,2025-02-02,BBC News,Around protest against far right in Berlin,protests came after some parties voted alongside right party Alternative Germany over binding resolution immigration last week,Positive
Immigration,2025-01-25,Yahoo Entertainment,ICE arrests member of Haitian street gang with numerous convictions in Boston,officers Boston have arrested Haitian street gang member with numerous convictions illegally,Negative
Immigration,2025-01-29,ABC News,Trump plans to sign the Laken Riley Act into law as his administration s first piece of legislation,President Donald Trump plans sign Laken Riley into administration first piece legislation,Positive
Immigration,2025-01-21,NPR,Chicago immigrant residents are in Trump s sights The mayor says he ll defend them,Chicago Mayor Brandon Johnson says city will defend residents whether undocumented whether seeking asylum whether seeking good paying,Positive
Immigration,2025-01-20,BBC News,Five takeaways from Trump s first speech,Trump vowed return country golden plant American flag Mars,Positive
Immigration,2025-01-21,Business Insider,states sued to block Trump s push to end birthright citizenship which could impact hundreds of thousands of children each year,states sued block Trump executive order ending birthright citizenship which could impact many children each year,Positive
Citizenship,2025-02-05,BBC News,I d make it harder to get British citizenship says Badenoch,Conservative leader says people shouldn able apply citizenship least years,Positive
Citizenship,2025-01-23,NPR,U S judge temporarily blocks Trump s birthright citizenship order,ruling bars agencies from implementing order birthright citizenship children born migrants temporarily without legal status while case under review,Positive
Citizenship,2025-01-21,NPR,Democratic AGs sue over Trump s order to end birthright citizenship,group state attorneys general signed lawsuit filed Tuesday seeking block administration move describing unconstitutional,Positive
Citizenship,2025-01-21,Business Insider,states sued to block Trump s push to end birthright citizenship which could impact hundreds of thousands of children each year,states sued block Trump executive order ending birthright citizenship which could impact many children each year,Positive
Citizenship,2025-01-23,NPR,Trump wants to end birthright citizenship That s easier said than done,Trump executive orders moves birthright citizenship right enshrined Constitution Here what need know about legal principle possible future,Positive
Citizenship,2025-01-23,Yahoo Entertainment,A federal judge temporarily blocks Trump s executive order redefining birthright citizenship,federal judge Thursday temporarily blocked President Donald Trump executive order redefining birthright citizenship calling blatantly,Negative
Citizenship,2025-01-20,BBC News,Trump to declare national emergency at US Mexico border in flurry of day one orders,incoming president plans sign many executive orders administration begins,Positive
Citizenship,2025-01-23,ABC News,As Trump throws immigration into uncertainty parents grapple potential statelessness,Five undocumented pregnant women President Donald Trump over birthright citizenship executive order,Positive
Citizenship,2025-02-05,ABC News,Judge to consider future of Trump s order blocking birthright citizenship,federal judge Maryland consider whether President Trump will able redefine birthright citizenship stated Fourteenth Amendment,Positive
Citizenship,2025-01-21,ABC News,states challenge Trump s executive order cutting birthright citizenship,President Trump birthright citizenship flagrantly unlawful attorneys states said lawsuit challenging president executive order,Positive
Citizenship,2025-02-03,ABC News,Trump s order seeking to block birthright citizenship to face next legal hurdle,President Trump executive order seeking birthright citizenship will face next legal hurdle this week when three separate judges hold hearings issue,Positive
Citizenship,2025-01-19,NPR,hostages are expected to be released by Hamas as part of a ceasefire with Israel,There women children list released from Gaza citizens Israel free hundreds prisoners exchange them,Positive
Citizenship,2025-02-07,BBC News,Johnson UK s most damaging PM says Reform UK chief,Yusuf tells Political Thinking podcast Johnson would welcome join Reform,Positive
Citizenship,2025-01-21,NPR,Trump is back and ready to change America,Donald Trump returns Washington newly empowered Republican party remade itself image Supreme Court granted sweeping immunity official actions unlike last time narrowly popular vote,Positive
Citizenship,2025-01-28,NPR,All the executive orders Trump has signed after week in office,President Trump signed slew orders during first week office impacting policy immigration environment federal diversity programs more,Positive
Citizenship,2025-01-25,Yahoo Entertainment,Trump s attempt to end birthright citizenship would overturn more than a century of precedent,President Donald Trump said since first administration that wants birthright citizenship constitutional right everyone born,Positive
Citizenship,2025-02-05,NPR,Homeland Security s workforce might not be as big as Trump s immigration goals,Changes hiring retention practices grew department people four years former officials warn that still enough Trump ambitious policy goals,Positive
Citizenship,2025-02-08,Business Insider,Trump and Musk said these bold moves were imminent Now they re stuck in the mud,Trump administration promised swift moving changes While some those plans have progressed many were almost immediately hold,Positive
Citizenship,2025-01-20,NPR,All of the Day executive actions Trump has announced so far,Trump expected sign slew actions relating immigration other issues,Negative
Citizenship,2025-01-15,NPR,FBI background checks of presidential nominees explained,Confirmation hearings Cabinet members nominated President elect Trump underway conducts background checks focusing character conduct nominees What involved,Positive
Citizenship,2025-01-26,NPR,DeSantis faces pushback by fellow Republicans on his call for an immigration session,Republican leaders state legislature they support President Trump pledge combat illegal immigration want deal with other issues identified DeSantis their schedule,Negative
Citizenship,2025-01-25,NPR,Senate confirms Kristi Noem as Trump s Secretary of Homeland Security,Noem will charge executing President Trump biggest priorities second term cracking down immigration,Negative
Citizenship,2025-01-25,ABC News,Trump testing limits of presidential power but experts say his flex might not stick,Legal experts tell News that sheer number presidential executive orders unprecedented whether they will stick guaranteed,Positive
Citizenship,2025-01-21,Vox,The Logoff Trump attacks birthright citizenship,This story first Logoff Sign here stories like this delivered your inbox every weekday Good evening welcome first edition Logoff newsletter that gives Trump news need that,Positive
Citizenship,2025-02-07,Business Insider,Judge blocks Trump Musk s shutdown of USAID,Judge Carl Nichols blocked Donald Trump Elon Musk attempted USAID shutdown days after American Foreign Service Association filed lawsuit,Negative
Citizenship,2025-01-20,ABC News,What to know about Trump s immigration and border executive actions,Trump promises sign executive actions address immigration border security Some will likely spark legal battles,Positive
Citizenship,2025-01-17,NPR,Trump s cabinet pick for Homeland Security is Kristi Noem Here s what to know,confirmed Noem would lead department poised center Trump immigration policy priorities including deportation efforts visa changes border security,Positive
Citizenship,2025-01-23,NPR,Bishop Mariann Budde tells NPR I won t apologize for sermon addressing Trump,Episcopal bishop Washington spoke with discuss sermon addressing President Trump asked have mercy,Negative
Citizenship,2025-02-01,NPR,A U S dual citizen is among Israeli hostages exchanged for Palestinian prisoners,Siegel first American released part this deal total hostages have been released since ceasefire took effect Hundreds Palestinians have been released,Positive
Citizenship,2025-01-30,NPR,Census Bureau Director Robert Santos is resigning making way for Trump s pick,Census Bureau Director Robert Santos resigning giving President Trump early opportunity nominate appointee lead bureau during preparations census,Positive
Citizenship,2025-02-04,BBC News,Could US criminals be sent to El Salvador s mega jail,Salvador offered take criminals deported from house them mega jail,Negative
Citizenship,2025-01-23,Al Jazeera English,US judge blocks Trump s order restricting birthright citizenship,Trump order targets constitutional right automatically granting citizenship anyone born country,Positive
Citizenship,2025-02-06,Al Jazeera English,Which countries other than the US offer birthright citizenship,least countries mostly Americas provide automatic citizenship anyone born within their borders,Positive
Citizenship,2025-01-21,Al Jazeera English,First raft of lawsuits target US birthright citizenship other Trump orders,Donald Trump signs record executive orders second term first including effort restrict citizenship,Positive
Citizenship,2025-01-22,The Intercept,The Pregnant Immigrants Fighting Trump s Bid to End Birthright Citizenship,Trump hopes birthright citizenship executive order lawsuits filed across country immigrants seek stop post Pregnant Immigrants Fighting Trump Birthright Citizenship appeared first Intercept,Positive
Citizenship,2025-01-22,Al Jazeera English,Trump scraps birthright citizenship Who will it affect,Trump supporters programme been misused several Democrat states file legal challenge,Positive
Citizenship,2025-01-24,Al Jazeera English,Trump latest JFK killing files released birthright citizenship bar halted,also delve into latest from Davos cryptocurrency other executive orders,Positive
Citizenship,2025-01-22,ABC News,Trump s record breaking executive actions on Day already being challenged,President Donald Trump shattered record most executive orders signed first office,Positive
Citizenship,2025-01-25,ABC News,WATCH Houston zoo animals play in the snow,Some animals enjoying rare Texas snowfall including Asian elephant capybaras otters lions Lisa leopard,Positive
Citizenship,2025-01-21,ABC News,With the stroke of the pen Trump tries to remake America ANALYSIS,With half country firmly behind blessing America tech billionaires President Donald moving breakneck pace remake America,Negative
Citizenship,2025-01-27,Yahoo Entertainment,Woman gets more than year prison term for helping pregnant Chinese women get to US,California woman sentenced Monday more than years prison long running case over business that helped pregnant Chinese women travel,Positive
Citizenship,2025-01-31,Flowingdata.com,Census Bureau director resigns edition,Census Bureau director Robert Santos announced resignation Thursday Santos nationally recognized statistician first Latino head bureau joined federal governm,Positive
Citizenship,2025-01-13,NPR,What to know about the Israel and Hamas Gaza ceasefire and hostage release talks,basic framework officials familiar with talks exchange Israeli hostages Palestinian prisoners week ceasefire Mediators applying pressure parties,Positive
Citizenship,2025-01-21,Business Insider,Trump s mass deportation plan could drain more than billion a year from Social Security,President Donald Trump mass deportation plans could have significant economic side effect draining Social Security funding,Positive
Citizenship,2025-02-01,Spectrum News,Lawyers see increase in people cutting ties with US,Lawyers increase people cutting ties with Third column story link Related stories Applying Canadian citizenship Drudge Report Feed needs your support Become Patron,Negative
Citizenship,2025-01-28,Vox,The one big question looming over Trump s power grabs,Much what Donald Trump done first eight days back White House legally unjustifiable What uncertain whether Supreme Court will anything stop particularly egregious cases Trump ordered birthright,Positive
Citizenship,2025-02-07,Yahoo Entertainment,Another DOGE Staffer Resigns After Secret Racist X Posts Revealed,Another DOGE Staffer Resigns After Secret Racist Posts Revealed First column story link Related stories DOGE Teen Owns Tesla Sexy Worked Startup That Hired Convicted Hackers Cheney Swipes Elon Citizenshi,Positive
Citizenship,2025-01-29,CBC News,Trump s attempt to overturn birthright citizenship uses century old Native American case,Indigenous people worried President Donald Trump attempt birthright citizenship constitutional right using century case that denied citizenship Native American,Positive
Citizenship,2025-02-05,The New Republic,Trump s Extreme Birthright Citizenship Order Shut Down in Court Again,Another federal judge blocked Trump brutal attack birthright citizenship Wednesday District Judge Deborah Boardman filed preliminary injunction against Trump executive order which promise signed into action first,Negative
Citizenship,2025-01-20,Business Insider,Trump is about to be sworn in Here are all the changes he has promised to make on Day One,Like predecessors Trump little first Inauguration Eight years later Trump promised full executive orders,Positive
Citizenship,2025-01-21,NPR,Key actions from Trump s first day in office And insights from the inaugural speech,After President Trump sworn into second term yesterday kept many promises implemented orders also undone several predecessor actions Here breakdown,Positive
Citizenship,2025-02-04,NPR,The prospect of immigration agents entering schools is sending shockwaves among communities,President Trump decades policy that prevented agents from arresting migrants without legal status sensitive places such schools Most districts drawing line sand,Positive
Citizenship,2025-02-09,Business Insider,The economics and innovation behind modern warfare,this Sunday edition Business Insider Today showing cover business military defense,Negative
Citizenship,2025-01-21,BBC News,Olympic history maker Ngamba to turn professional,Olympic medal winner Cindy Ngamba will make professional debut boxing March,Positive
Citizenship,2025-01-24,Gothamist,Mayor Adams office disputes Council claim he had no plan for Trump immigration actions,Council Speaker Adrienne Adams said city prepared Trump Council Speaker Adrienne Adams also urged mayor office join fight against president order birthright citizenship more,Positive
Citizenship,2025-01-26,The Atlantic,A Weekend Reading List,Read about secretive world extreme fishing approaches aging more,Positive
Citizenship,2025-02-09,Forbes,JD Vance Suggests Judges Aren t Allowed To Control Trump After Courts Block His Policies,slew court rulings recent weeks have hampered Trump administration moves issues like birthright citizenship shutting down USAID,Negative
Citizenship,2025-01-25,Quartz India,Bitcoin s coming boom Trump s stock and meme coin sink and Netflix hits Markets news roundup,Christopher McMahon Aquinas Wealth Advisors author Faithful Finances spoke with Quartz latest installment Smart Investing video series Read more,Positive
Citizenship,2025-01-24,Forbes,Forbes Daily Jamie Dimon Defends DEI Efforts Amid Trump s Crackdown,Friday Forbes Daily covers Bloomberg climate pledge judge blocks Trump birthright citizenship Oscar nominations unveiled OpenAI latest tool more,Positive
Border Security,2025-02-06,Wired,Tariff Uncertainty Taxes the Auto Industry,some industry uncertainty surrounding border trade almost worse than tariffs themselves tariffs through costs might passed down buyers,Negative
Border Security,2025-01-17,NPR,Trump s cabinet pick for Homeland Security is Kristi Noem Here s what to know,confirmed Noem would lead department poised center Trump immigration policy priorities including deportation efforts visa changes border security,Positive
Border Security,2025-01-25,NPR,Senate confirms Kristi Noem as Trump s Secretary of Homeland Security,Noem will charge executing President Trump biggest priorities second term cracking down immigration,Negative
Border Security,2025-02-04,BBC News,Trump faces moment of reckoning on trade after delaying tariffs,president will soon have decide whether match trade rhetoric with action shelve tariff plans,Positive
Border Security,2025-01-23,BBC News,Canada can avoid tariffs by becoming a US state says Trump,president complains tremendous trade deficit with neighbour saying does need Canadian energy vehicles lumber,Positive
Border Security,2025-01-31,Slashdot.org,Taiwan Says Government Departments Should Not Use DeepSeek Citing Security Concerns,anonymous reader shares report Taiwan digital ministry said Friday that government departments should Chinese startup DeepSeek artificial intelligence service saying that product from China represents security concern,Negative
Border Security,2025-01-20,ABC News,What to know about Trump s immigration and border executive actions,Trump promises sign executive actions address immigration border security Some will likely spark legal battles,Positive
Border Security,2025-01-20,NPR,Migrants left in despair at the border as asylum system shuts down,provided nearly people with asylum appointments since January contributing drop illegal border crossings,Negative
Border Security,2025-01-25,ABC News,Kristi Noem confirmed as secretary of homeland security,South Dakota Kristi Noem firebrand gained national spotlight during coronavirus pandemic confirmed Senate,Positive
Border Security,2025-02-06,ABC News,With House GOP stuck Senate pushes ahead with its plan to fund Trump s agenda,Senate Budget chair Graham wants plow forward funding package that bundles border security defense spending House continues struggle with plan,Positive
Border Security,2025-01-14,ABC News,Monthly border encounters decrease to lowest daily average since July,Daily encounters December along southwest border were lowest average since July according Department Homeland Security,Negative
Border Security,2025-02-05,NPR,Homeland Security s workforce might not be as big as Trump s immigration goals,Changes hiring retention practices grew department people four years former officials warn that still enough Trump ambitious policy goals,Positive
Border Security,2025-01-20,NPR,All of the Day executive actions Trump has announced so far,Trump expected sign slew actions relating immigration other issues,Negative
Border Security,2025-02-07,Business Insider,I almost lost my Global Entry status over a mistake anyone could easily make,easy make airport mistake involving fruit Customs Border Protection almost cost money made lose Global Entry status,Positive
Border Security,2025-01-20,NPR,Trump reinforces use of his Remain in Mexico policy,policy which created implemented during first Trump administration resulted tens thousands migrants waiting extended periods Mexico,Positive
Border Security,2025-01-21,Business Insider,Trump s mass deportation plan could drain more than billion a year from Social Security,President Donald Trump mass deportation plans could have significant economic side effect draining Social Security funding,Positive
Border Security,2025-02-04,Business Insider,Trump got what he wanted with the Canada and Mexico tariff pauses even if he didn t get that much,Trump slapped tariffs Canadian Mexican imports pressure them crack down illegal immigration fentanyl They caved,Negative
Border Security,2025-01-26,ABC News,Trump s border czar If you re in the country illegally you got a problem,According Trump border czar Homan every undocumented immigrant should worry they could arrested time even they have criminal record,Negative
Border Security,2025-02-01,Time,Trump s Tariffs on Canada Mexico and China Could Mean Higher Inflation and Economic Disruption,Trump honoring promises made White House campaign that core economic national security philosophy,Positive
Border Security,2025-01-24,NPR,Trump wants to label drug cartels terrorist organizations Here s what that means in practice,full implications designating cartels terrorist organizations will depend large part administration follows through,Positive
Border Security,2025-01-31,ABC News,Trump border wall is on New Mexico ranchers wish list,Mexico couple hopes Trump administration makes good promise completing construction border wall,Positive
Border Security,2025-01-11,BBC News,Germany says Russian shadow ship stuck in Baltic Sea,Germany foreign minister accused Moscow deploying fleet rusty tankers avoid sanctions,Negative
Border Security,2025-01-27,BBC News,A long long road ahead Gaza rebuilds from zero,full scale humanitarian challenge ahead emerging displaced Palestinians return home writes Paul Adams,Positive
Border Security,2025-01-28,ABC News,DHS Secretary Kristi Noem joins immigration enforcement operations in NYC,Kristi Noem joined operations just days after confirmed Senate lead Department Homeland Security,Positive
Border Security,2025-01-31,NPR,things to know about the fighting in the Democratic Republic of Congo,Rwandan backed rebels they control eastern Congolese city Goma Their fighters continue claim more territory world most mineral rich territories,Positive
Border Security,2025-02-05,BBC News,I d make it harder to get British citizenship says Badenoch,Conservative leader says people shouldn able apply citizenship least years,Positive
Border Security,2025-01-13,BBC News,What are the challenges facing the government s AI action plan,Keir Starmer unveiled proposals which says will make great superpowers,Positive
Border Security,2025-01-26,The Atlantic,A Quieter Border Didn t Serve Trump s Needs,president would rather exploit free than manage migrant flows effectively,Positive
Border Security,2025-01-17,BBC News,Israel has changed since Donald Trump s last term has he,this time hard choices Middle East president elect will have much think about when enters White House,Positive
Border Security,2025-01-18,ABC News,Post inauguration ICE raids starting as soon as Tuesday Sources,part President elect Donald Trump deportation plans will carry raids starting Tuesday sources briefed plans told News,Positive
Border Security,2025-01-21,NPR,Trump orders end of humanitarian parole for migrants of four countries,Under Biden administration migrants from embattled countries could apply entry humanitarian reasons without having attempt cross into illegally,Negative
Border Security,2025-01-30,NPR,Trump says U S will send worst criminal illegal aliens to Guant namo Bay,president says criminal migrants deported from United States could housed facility Cuba wasn immediately clear plan would implemented,Negative
Border Security,2025-02-05,Time,What to Know About Security Measures at the Super Bowl in New Orleans,After Year terror attack struck Orleans historic French Quarter city officials they confident security plans they have place Sunday Super Bowl,Positive
Border Security,2025-02-08,NPR,Trump supporters welcome the first steps in his immigration crackdown,President Trump kicked second term with dramatic crackdown immigration Critics call those moves cruel unnecessary many Trump supporters applauding these early steps,Negative
Border Security,2025-01-21,Time,Breaking Down All of Trump s Day Presidential Actions,Trump issued executive orders memoranda proclamations first back Oval Office Here what know,Positive
Border Security,2025-01-25,Business Insider,Trump says he could send US special operators after Mexican drug cartels It could make things a lot worse,There potential role special operations forces combating cartels getting this wrong could create more problems,Positive
Border Security,2025-02-01,CNET,One Tiny iPhone Feature Shows Apple s Big Plans For Your Smart Home,Apple preparing release wave home technology Here getting ready,Positive
Border Security,2025-01-29,NPR,Trump signs first bill of his second presidency the Laken Riley Act into law,bill named Georgia nursing student killed last year Venezuelan without legal status criminal record,Negative
Border Security,2025-01-20,Slate Magazine,He Was Horrifying in Trump s First Term He s About to Get Even Worse,broad latitude what wants,Positive
Border Security,2025-01-29,The Atlantic,Caring Deeply About National Security Is Not the Same as Being Good at It,Some Trump cabinet picks sincere their beliefs That doesn make them these roles,Positive
Border Security,2025-01-28,TMZ,OnlyFans Star Lily Phillips Plan to Screw K Dudes Derailed by U S Border Security,OnlyFans star Lily Phillips rethinking plan screw dudes hours telling Customs Border Protection recently threw wrench ambitious sexcapade Lily tells detained Vegas airport last,Positive
Border Security,2025-02-09,Business Insider,US military troops come in active duty Guard and reserve forces Here s what each one does,military forces home abroad different types troops rules each confusing,Negative
Border Security,2025-01-18,NPR,These are the U S citizens held hostage in Gaza,Seven nearly hostages held Gaza citizens several whom confirmed dead,Positive
Border Security,2025-01-20,BBC News,UN warning on Gaza rebuilding task as aid surges with ceasefire deal,Unrwa Gaza director says rebuilding homes infrastructure people lives will take awful time,Negative
Border Security,2025-02-02,BBC News,Canadian fans boo US anthem as tariffs spur buy local pledge,Canadians have begun booing anthem sports games signalling depth anger steep tariffs,Negative
Border Security,2025-02-01,NPR,Prices were a key issue in but Trump makes clear they re not his top priority,While prices economy were issues during campaign President Trump making clear that other issues most notably immigration main focus start second term,Positive
Border Security,2025-01-27,Yahoo Entertainment,China signals willingness to repatriate confirmed Chinese nationals from US,WASHINGTON Reuters China said Monday willing repatriate confirmed Chinese nationals from United States President Donald Trump,Positive
Border Security,2025-02-07,BBC News,Casinos high rises and fraud The BBC visits a city built on scams,haven super rich city built scams invited find,Positive
Border Security,2025-02-03,ABC News,China renews threat to retaliate against US tariffs,China reiterated could take necessary countermeasures after President Donald Trump decided impose tariff China allegedly doing little stem production precursor chemicals drug fentanyl,Negative
Border Security,2025-01-20,Business Insider,What Lebanon s shifting political landscape means for Hezbollah,Hezbollah Lebanon most powerful political players been significantly weakened conflict with Israel,Positive
Border Security,2025-02-04,Time,Trump Shares the Founders Delusions on Canada,Attempts Canada have gone poorly since Trump rhetoric threatens repeat,Negative
Border Security,2025-02-04,Time,U S Aid Freeze Puts at Risk Ukraine s Wartime Help for Frontline Evacuees,American funding helps cover shelters fuel evacuation vehicles salaries workers more,Positive
DEI,2025-01-10,Slashdot.org,Meta Kills DEI Programs,Mark Zuckerberg Meta terminating major programs effective immediately including hiring training picking suppliers Axios Meta said changing course because legal policy landscape surrounding diversity equity inclusio,Positive
DEI,2025-01-23,Harvard Business Review,What Comes After DEI,While backlash challenged many companies practitioners approach creating more equitable workplaces fewer have considered whether work itself room improve framework built around core outcomes fairness access incl,Positive
DEI,2025-01-24,NPR,Costco s shareholders overwhelmingly reject anti DEI proposal,Costco shareholders voted overwhelmingly reject motion that would seek report risks diversity equity inclusion company hiring practices,Positive
DEI,2025-01-23,Business Insider,Costco shareholders reject anti DEI proposal,Costco shareholders voted down anti proposal just days after President Trump issued sweeping rules federal agencies,Negative
DEI,2025-01-11,Slashdot.org,Amazon To Halt Some of Its DEI Programs,Amazon said halting some diversity inclusion initiatives joining growing list major corporations that have made similar moves face increasing public legal scrutiny From report internal note staffers,Positive
DEI,2025-01-10,Business Insider,Meta employees slam decision to roll back its DEI programs,Meta employees took internal forum viewed Business Insider vent disappointment anger over roll back,Negative
DEI,2025-01-25,Business Insider,The companies fighting back against Trump s war on DEI,JPMorgan Costco efforts help drive innovation success though other companies like Meta Walmart scaling back policies,Positive
DEI,2025-02-05,Business Insider,As DEI dies back Sam s Club CEO says his job is to create an environment of openness,companies including Walmart walk back soften their policies Club says openness connection remain important,Positive
DEI,2025-01-31,Business Insider,The list of CEOs voicing support for their companies DEI initiatives is growing,Christian Sewing Deutsche Bank latest express support company initiatives,Positive
DEI,2025-02-06,Time,Elise Smith Defends DEI as Good Business,recent years right leaning leaders politics tech like Donald Trump Elon Musk have attacked value diversity equity inclusion initiatives Elise Smith founder tech startup Praxis Labs learning,Positive
DEI,2025-01-29,Business Insider,EY report doubles down on diversity initiatives as DEI comes under scrutiny in Trump s first weeks in power,Four firm published report with recommendations boost strategies Trump calls private sector ditch them,Negative
DEI,2025-02-06,Business Insider,NAACP s top marketer tackles everything from DEI rollbacks to the organization s first foray into daytime TV,Blankson chief marketing officer NAACP leading organization storytelling advocacy campaigns during this critical moment first foray into daytime,Positive
DEI,2025-01-22,Time,How the Trump Administration Is Taking Its First Steps Toward Dismantling DEI,Trump administration moved affirmative action federal contracting directed that federal staff paid leave eventually laid first salvo aggressive campaign upend efforts nationwide,Positive
DEI,2025-02-05,NPR,How a military recruitment crisis is leaving the U S vulnerable,President Trump blames shortage recruits programs Yorker writer Dexter Filkins says enough people want enlist many pass weight limit aptitude test,Positive
DEI,2025-01-28,Time,The Human Cost of Trump Firing All Federal DEI Workers,Professor Shaun Harper explains President Donald Trump decision eliminate federal related jobs negatively impacts workers,Negative
DEI,2025-01-31,Gizmodo.com,CDC Ordered to Scrub Website of Words Like Transgender and LGBT,employee spoke with Gizmodo about unprecedented changes,Positive
DEI,2025-02-05,Time,Beyonc Proves That Winning Is The Best Form of Activism,John Hope Bryant argues that Beyonc history making Grammy demonstrates influence ownership even more powerful than,Positive
DEI,2025-01-10,NPR,Why right wing influencers are blaming the California wildfires on diversity efforts,Prominent right wing influencers claiming that response Angeles wildfires hampered workplace diversity policies part wider strategy discredit those policies,Positive
DEI,2025-01-24,Time,Federal Agencies Begin Removing DEI Guidance From Websites in Trump Crackdown,Several federal agencies have begun removing resources underrepresented Americans from their webpages following President Donald Trump executive order cracking down diversity equity inclusion initiatives,Negative
DEI,2025-01-23,Wired,The Global Far Right Is Celebrating Trump s New World Order,right lawmakers extremist influencers world over celebrating Trump early days office advocating similar efforts their countries,Positive
DEI,2025-01-29,ABC News,What does Donald Trump s anti DEI executive order mean for private companies,What does President Donald Trump executive order directing federal agencies encourage private companies abandon policies mean businesses,Negative
DEI,2025-01-31,ABC News,WATCH Trump blames DEI policies for deadly DC collision without evidence,Without citing evidence president said initiatives traffic controllers under Democratic presidents were partly blame Wednesday tragic Washington collision,Negative
DEI,2025-02-03,ABC News,Paid administrative hell Some Ed Dept staff put on leave after Trump s DEI order,While specific reason given three employees told News they believe common thread among them attendance voluntary diversity training,Negative
DEI,2025-01-10,Gizmodo.com,Mark Zuckerberg Goes Mask Off and Ditches Diversity,company terminating programs latest shift away from progressive policy,Positive
DEI,2025-01-31,ABC News,Trump casts speculation unproven claims on DC plane crash as cause remains unknown,While cause been determined Washington plane crash President Donald Trump quick assign blame Thursday Democrats other factors,Positive
DEI,2025-01-13,9to5Mac,Here s why Apple is right to hold firm on its DEI policies,upcoming change presidency seen number companies make changes long standing policies fields spanning content moderation policies reported Friday however Apple holding firm Diversity Equity,Negative
DEI,2025-01-31,BBC News,Black boxes found as officials examine staffing shortage in DC plane crash,fatal collision between passenger plane military helicopter expected have killed involved,Negative
DEI,2025-01-28,Gamedeveloper.com,Someone at Activision is leaking Slack screenshots to right wing X users,right users formerly Twitter singling individual Activision Blizzard employees comments made support inclusion company,Positive
DEI,2025-01-23,Gizmodo.com,New FTC Chair Fighting DEI Cuts Off Public Comments on Surveillance Pricing,Commissioner Alvaro Bedoya offered scathing dissenting opinion agency guidelines,Negative
DEI,2025-01-30,Gizmodo.com,Trump Blames DEI for Plane Crash That Killed in Ridiculous Press Conference,Trump provided evidence said common sense crash caused diversity hiring,Negative
DEI,2025-01-16,Rock Paper Shotgun,Video game publishers are starting to use anti DEI as a marketing meme,Following Republican victory elections several companies have experimented with pivoting away from Diversity Ethics Inclusion collection employment practices aimed challenging bias prejudice workplace Faceboo,Positive
DEI,2025-02-08,NPR,The NFL is removing End Racism from its Super Bowl end zone,Here what decision America favorite sports league tells about anticipatory obedience,Positive
DEI,2025-01-28,NPR,Trump has issued a number of orders affecting the military Here s what they do,President Trump signed number executive orders Monday night aimed military Here breakdown what signed,Negative
DEI,2025-01-14,Business Insider,Meta CEO Mark Zuckerberg says the company will be cutting low performers faster as a way to raise the bar,Meta chief wrote post Workplace company internal forum that company will doing more extensive performance based cuts,Positive
DEI,2025-01-20,BBC News,Trump to declare national emergency at US Mexico border in flurry of day one orders,incoming president plans sign many executive orders administration begins,Positive
DEI,2025-01-24,Business Insider,Trump has a message to CEOs Build in America or pay up,Trump clear message business leaders address World Economic Forum,Positive
DEI,2025-01-24,Webdesignerdepot.com,When DEI Fails Is Diversity Just a Marketing Gimmick,initiatives promise transformative change creative industries often devolve into performative actions that undermine trust stifle innovation,Positive
DEI,2025-01-26,Business Insider,A Davos download on everything we heard and saw during a busy week in the Alps,this Sunday edition Today bringing highlights from World Economic Forum Davos Switzerland,Positive
DEI,2025-01-28,CNET,What Happens to Student Loans and Financial Aid During Trump s Federal Funding Freeze,federal pause does affect federal student loans Pell Grants impact other student programs remains unclear,Negative
DEI,2025-01-17,Yahoo Entertainment,Mark Zuckerberg and Sheryl Sandberg want you to know they re still friends and definitely not mad at each other,Thursday York Times published lengthy story about rise power Stephen Miller longtime loyalist Donald Trump known hardline views immigration Normally story like that wouldn much attention tech press,Positive
DEI,2025-01-24,Time,These U S Companies Are Pulling Back on Diversity Initiatives,number prominent companies have scaled back aside diversity equity inclusion initiatives that much corporate America endorsed following protests that accompanied Minneapolis police killing George Floyd Black,Positive
DEI,2025-01-30,Gizmodo.com,The FAA Has No Clear Leader During the Worst Air Disaster in Years,former head tussled with Musk wanted fine SpaceX safety violations resigned after Trump election hasn been replaced,Positive
DEI,2025-02-01,ABC News,Multiple health agency websites on HIV contraception taken down,Multiple health agency websites contraception taken down comply with executive orders,Negative
DEI,2025-02-05,Business Insider,How the China tariffs will impact what US consumers pay for things,From phones kitchen appliances clothes Trump tariffs Chinese imports could result slew higher prices,Positive
DEI,2025-01-15,Quartz India,Costco is bucking the DEI retreat,time when many large companies scaling back their diversity equity inclusion efforts Costco standing firm commitment these initiatives Read more,Positive
DEI,2025-01-20,NPR,All of the Day executive actions Trump has announced so far,Trump expected sign slew actions relating immigration other issues,Negative
DEI,2025-01-14,Business Insider,Year of intensity Meta employees react to plans to cut low performers,Mark Zuckerberg said Meta plans make more extensive performance based cuts Staff have questioned they will work practice,Positive
DACA,2025-01-22,Inside Higher Ed,A Murky Setback for DACA,Murky Setback DACA Sara Weissman appeals court ruled that DACA unlawful limited scope stayed ruling students shouldn immediate changes Byline Sara Weissman Murky,Negative
DACA,2025-01-28,ABC News,Trump funding freeze a blatant violation of Constitution federal law Legal experts,Constitution federal court decisions make clear President Donald Trump order pause federal funding against legal experts tell News,Positive
DACA,2025-01-17,CBS News,Appeals court again declares DACA illegal but keeps policy alive,federal appeals court Friday declared Deferred Action Childhood Arrivals immigration policy unlawful,Positive
DACA,2025-01-15,CBC News,Young migrants in the U S prepare for years of fear under threat of expulsion,most immediate risk after next week presidential transition residents those nations Donald Trump mused about invading millions undocumented migrants vows deport including young people remember life,Positive
DACA,2025-01-09,Thenation.com,We Must Defend DACAmented Community Members,Bruna Sollod Deferred Action Childhood Arrivals program will likely under President elect Donald Trump next term What comes next post Must Defend DACAmented Community Members appeared first Nation,Positive
DACA,2025-01-17,VOA News,US appeals court rejects Biden effort to protect Dreamer immigrants,WASHINGTON appeals court Friday ruled against outgoing Democratic President Biden effort protect immigrants illegally brought children siding with Texas just days before Republican President elect Donald Trump takes office,Positive
DACA,2025-01-21,Vox,Is Donald Trump s agenda actually popular,Standing Capitol Rotunda Monday President Donald Trump captured vibes buoying Republicans American right writ large promised lengthy list crackdowns policy reversals recent election mandate completely,Positive
DACA,2025-01-21,The New Republic,The Democrats Who Voted to Deport Anyone Accused of a Crime,Monday evening just hours after Donald Trump inauguration Senate passed Laken Riley extreme bill that would allow deportation detention undocumented immigrant merely suspected nonviolent crime they,Negative
DACA,2025-01-28,Vox,The one big question looming over Trump s power grabs,Much what Donald Trump done first eight days back White House legally unjustifiable What uncertain whether Supreme Court will anything stop particularly egregious cases Trump ordered birthright,Positive
DACA,2025-01-16,The New Republic,ICE Warns Republicans Racist Immigration Bill Is a Total Bust,Republicans prized immigration bill Laken Riley apparently expensive implement according Immigration Customs Enforcement memo from been circulating Senate offices that spells staggering cost,Negative
DACA,2025-01-18,Hotnews.ro,SuperLiga Remiz ntre O elul Gala i i Petrolul Ploie ti,elul Gala Petrolul Ploie terminat egalitate scor meciul disputat etapa SuperLiga Lotul elului suferit numeroase modific aceast perioad transferuri important produc,Positive
DACA,2025-01-20,Newsweek,Staying Silent About Immigration Will Cost Us All Opinion,need leaders with humanity willing craft solutions that benefit Americans,Positive
DACA,2025-01-20,The Federalist,Trump s Return To The White House Will Impact These Five Major Court Cases,Trump return presidency will prove significant five important cases which developments late last week,Positive
DACA,2025-01-31,Americanthinker.com,Catholic Organizations and Open Borders,Last week Bishop Mariann Edgar Budde Episcopal Diocese Washington received backlash when injected politics into sermon during prayer meeting with President Trump Vice President Vance their respective families,Negative
DACA,2025-01-09,The New Republic,Every Senate Democrat Who Backed Most Radical Anti Immigrant Bill Yet,Senate voted advance bill Thursday that would allow government detain undocumented immigrants accused committing nonviolent crimes following House passage bill Wednesday Laken Riley advanced vote,Positive
DACA,2025-01-22,Biztoc.com,A Murky Setback for DACA,Murky Setback DACA Sara Weissman appeals court ruled that DACA unlawful limited scope stayed ruling students shouldn immediate changes Byline Sara Weissman Murky Setback,Negative
DACA,2025-01-21,Forbes,Republicans May End Student Loan Forgiveness Healthcare Subsidies In Tax Cut Bill,Among many items that being evaluated cuts several student loan forgiveness relief programs well healthcare spending Here breakdown,Positive
DACA,2025-02-04,Aclu.org,Hope is the Counter to Fear,Daishi Miguel Tanaka earliest memories walking into first grade class California being struck diverse student body kids shapes colors holding their hands over their hearts saying pledge under,Positive
DACA,2025-02-07,Business Insider,My family came to the US undocumented People say we re criminals stealing jobs and benefits but here s what I wish they knew,Jazmin DACA recipient travel nurse discusses fears loved ones amid Trump deportation policies position limbo,Positive
DACA,2025-01-11,Mundodeportivo.com,El Valladolid se impone con toda justicia al Betis,Real Valladolid logrado triunfo vital lucha permanencia costa Real Betis cada distancia plazas europeas despu ganar solo ocho ltimos partidos Liga Nuevo Zorrilla vallisoletano,Positive
DACA,2025-02-08,Mundodeportivo.com,Un Heurtel impresionante lleva al Joventut al l mite,alguien pensaba Thomas Heurtel estaba acabado fichaje merec pena franc encarg quitarle error partido ayer Badalona ahora base Leyma Coru puntos asistencias igualar,Negative
DACA,2025-01-23,The Daily Caller,Why Didn t They Do It Chris Cuomo Grills Dem Rep Over Party s Reluctance To Deport Illegal Migrant Criminals,Chris Cuomo questioned Democratic California Bera Wednesday about party past reluctance deport illegal immigrant criminals,Negative
DACA,2025-01-10,MSNBC,Pope Francis sends a powerful message to Trump with his choice for archbishop of D C,choosing Cardinal Robert McElroy lead Archdiocese Washington pope sending message incoming president promising mass deportations,Positive
DACA,2025-01-30,International Business Times,Trump s First Law What The Laken Riley Act Means For Immigration And Crime,mandates detention illegal immigrants accused serious crimes regardless whether they have been convicted,Negative
DACA,2025-01-24,International Business Times,Fear In US Border City As Trump Launches Immigration Overhaul,Venezuelan Josnexcy Martinez staying shelter Texas border city said afraid getting swept raid targeting migrants even though entered country legally,Negative
DACA,2025-02-09,Legalinsurrection.com,Leftist Student Groups at Duke U Throw Fit Over Inclusion of ICE at Campus Job Fair,Allowing campus utter contradiction Duke values post Leftist Student Groups Duke Throw Over Inclusion Campus Fair first appeared tion,Positive
DACA,2025-01-25,Adevarul.ro,Imagini ocante de la accidentul din Chiajna oferul pierde controlul ma inii acro eaz un alt autovehicul i ajunge pe trotuar unde love te un pieton,accident tragic avut comuna Chiajna ianuarie ofer care intrat coliziune autoturism ajuns trotuar unde intrat pietoni Unul pietoni stare foarte,Negative
DACA,2025-01-10,MSNBC,Democrats face their first test on immigration under Trump,Democrats facing their first test issue immigration Donald Trump second term this week,Positive
DACA,2025-01-31,Newsweek,Arizona Student Group Plans Event To Report Classmates To ICE,will tabling campus asking fellow students report their criminal classmates deportation post from student group read,Negative
DACA,2025-01-13,Adevarul.ro,Cum s mergi n vacan cu copiii n la costuri acceptabile Pre urile au crescut extrem de mult n toat Europa,familie trei copii constat orice destina popular pentru vacan Spania Italia Fran Croa sejur mare trei copii necesit vinzi rinichi cere sfaturi grup torii Care fost cele bune,Positive
DACA,2025-01-29,19thnews.org,State Attorneys General Are Working to Block Trump s Agenda in Court,Attorneys general filing suits challenging Trump moves limit birthright citizenship freeze federal loans,Positive
DACA,2025-02-07,Biztoc.com,My family came to the US undocumented People say we re criminals stealing jobs and benefits but here s what I wish they knew,Courtesy Jazmin Since President Donald Trump first office ramped mass deportation plans Jazmin brought when shares receiving DACA allowed become nurse reflects fear uncerta,Positive
DACA,2025-01-20,Biztoc.com,Staying Silent About Immigration Will Cost Us All Opinion,publicly revealed status DACA recipient undocumented immigrant career family life built line because tired tired fear xenophobia political campaigns that reduced people like dangerou,Negative
DACA,2025-01-25,Newsweek,Donald Trump Faces Rebellion Over ICE Raids in Arizona,find Trump proposed policies this topic outrageous Democratic Representative Yassamin Ansari told Newsweek,Negative
DACA,2025-01-28,Democracy Now!,As ICE Conducts Made for TV Raids Cities from Chicago to Newark Resist Trump s Immigration Crackdown,Immigration Customs Enforcement ramping raids across United States arresting more than people operations Monday after detaining similar number Sunday Immigrant communities their allies raids violate human rights,Positive
DACA,2025-01-11,Mundodeportivo.com,Ca da y susto para Edgar Canet y Tosha se acerca al l der Sanders,valenciano Tosha Schareina sigue batallando ganar primer Dakar moto acabar sequ espa ruedas carrera dura mundo desde Marc Coma ganara ltimo Touaregs,Negative
DACA,2025-01-17,Hotnews.ro,Ciocolata Dubai import gastronomic viralizat i consolidarea m rcii n Europa,Alegerea numelui unei asociate unui produs este adesea afacere complicat deoarece aplic multe reguli acela timp general trebuie acordat aten rcilor vechi care putea afecteze procesul,Positive
DACA,2025-01-27,The American Conservative,The Challenges of Mass Deportation,much America history idea deporting people never mind mass deportations unheard Prior century America barely immigration laws people just sort showed help fill young hungry,Positive
DACA,2025-01-20,The Times of India,Donald Trump inauguration What his second term means for US education and students,Donald Trump second term President United States could usher significant changes education system administration push dismantling Department Education alter student loan forgiveness programs,Positive
Deportation,2025-01-21,Business Insider,Trump s mass deportation plan could drain more than billion a year from Social Security,President Donald Trump mass deportation plans could have significant economic side effect draining Social Security funding,Positive
Deportation,2025-02-03,Business Insider,One industry just got a big boost from Trump and it wasn t crypto or Tesla,president mass deportation plans could funnel huge profits private prison companies like CoreCivic,Positive
Deportation,2025-01-17,NPR,Trump s cabinet pick for Homeland Security is Kristi Noem Here s what to know,confirmed Noem would lead department poised center Trump immigration policy priorities including deportation efforts visa changes border security,Positive
Deportation,2025-01-16,NPR,Trump s challenge where to house millions of immigrant detainees,biggest hurdles carrying Trump mass deportation plans where house millions people country without legal status many prisons detention centers already overcrowded what options there,Positive
Deportation,2025-02-03,ABC News,DHS expected to end deportation protection for nearly Venezuelans,Nearly Venezuelans obtained work permits under Temporary Protected Status will lose those protections April,Positive
Deportation,2025-02-05,NPR,Mass deportations will depend on local police Only some are offering to help,Trump border czar Homan urging more local enforcement agencies support immigration efforts,Positive
Deportation,2025-01-18,ABC News,Post inauguration ICE raids starting as soon as Tuesday Sources,part President elect Donald Trump deportation plans will carry raids starting Tuesday sources briefed plans told News,Positive
Deportation,2025-01-23,ABC News,Rubio to visit Central America on st trip as top US diplomat,Rubio will depart first foreign trip visit countries Central America that vital carrying Trump administration mass deportation plans,Positive
Deportation,2025-02-05,BBC News,US military plane carrying deported Indians due to arrive in Punjab,President Donald Trump made mass deportation undocumented foreign nationals policy,Negative
Deportation,2025-01-29,NPR,Trump signs first bill of his second presidency the Laken Riley Act into law,bill named Georgia nursing student killed last year Venezuelan without legal status criminal record,Negative
Deportation,2025-01-18,Yahoo Entertainment,Trump s first hours Mass deportation raids set for major cities,incoming Trump administration officially carry mass deportations illegal immigrants Chicago Washington Denver during,Negative
Deportation,2025-02-04,NPR,The first group of migrants has been sent to Guant namo but legal challenges loom,President Trump aims deport migrant detainees holding facility there despite questionable legality that move,Negative
Deportation,2025-01-26,NPR,DeSantis faces pushback by fellow Republicans on his call for an immigration session,Republican leaders state legislature they support President Trump pledge combat illegal immigration want deal with other issues identified DeSantis their schedule,Negative
Deportation,2025-01-29,Time,Trump Plans to Sign the Laken Riley Act Into Law as His Administration s First Legislation,Wednesday Trump will sign Laken Riley into administration first piece legislation,Positive
Deportation,2025-02-04,NPR,The prospect of immigration agents entering schools is sending shockwaves among communities,President Trump decades policy that prevented agents from arresting migrants without legal status sensitive places such schools Most districts drawing line sand,Positive
Deportation,2025-01-23,Senate.gov,Mass deportations would deliver a catastrophic blow to the U S Economy,incoming Trump administration plans conduct mass deportations that would upend entire communities have severe economic fallout Mass deportations would reduce economic growth shrink labor force cost born workers their jobs raise costs,Positive
Deportation,2025-02-01,ABC News,Rubio to focus on curbing immigration countering China in Latin America,Marco Rubio embark first diplomatic mission abroad since being confirmed post visiting five countries Central South America,Positive
Deportation,2025-02-08,BBC News,Who s who in German elections and why this vote is important,German voters polls February pivotal vote focused immigration economy,Positive
Deportation,2025-01-29,ABC News,Trump plans to sign the Laken Riley Act into law as his administration s first piece of legislation,President Donald Trump plans sign Laken Riley into administration first piece legislation,Positive
Deportation,2025-01-30,NPR,Trump order cracks down on antisemitism and could deport foreign student protesters,executive order directs government agencies available tools prosecute remove perpetrators antisemitic harassment violence especially college campuses,Positive
Deportation,2025-01-23,NPR,Bishop Mariann Budde tells NPR I won t apologize for sermon addressing Trump,Episcopal bishop Washington spoke with discuss sermon addressing President Trump asked have mercy,Negative
Deportation,2025-02-04,ABC News,Rubio says El Salvador president agrees to house US criminals in his country s jails,Marco Rubio with Salvador president said they agreed only take deported foreign nationals committed crimes also jailed citizens,Negative
Deportation,2025-02-03,Al Jazeera English,What Trump s deportation blitz looks like in Ciudad Juarez,Mexican city already devastated policies mass deportations only bringing more misery,Positive
Deportation,2025-01-28,Al Jazeera English,US deportation flights land in Colombia after Trump Petro row,Colombian President Gustavo Petro welcomes free dignified deportees stressing that migrants criminals,Positive
Deportation,2025-02-02,Yahoo Entertainment,Deport me back to Bulgaria pleads benefits cheat,convicted Bulgarian benefits fraudster wants deported cannot sent home prosecutors still trying recover money stole,Positive
Deportation,2025-01-11,Yahoo Entertainment,German political parties kick campaigns into high gear,Three Germany major parties Saturday firm their programmes candidates ahead nationwide elections February With just,Negative
Deportation,2025-01-30,Miami Herald,Trump rolls back deportation protections for thousands of Venezuelans,Trump rolls back deportation protections thousands Venezuelans Second column story link Related stories illegal sent Guantanamo Removed Colombian Migrants Complain Despotic Humiliating Treatm,Negative
Deportation,2025-01-21,Business Insider,states sued to block Trump s push to end birthright citizenship which could impact hundreds of thousands of children each year,states sued block Trump executive order ending birthright citizenship which could impact many children each year,Positive
Deportation,2025-01-21,Vox,What Trump s executive orders tell us about the future of immigration,President Donald Trump executive orders immigration deportation through will have succeeded radical overhaul That however mighty agenda Monday familiar policies latt,Positive
Deportation,2025-01-19,Al Jazeera English,I m a Latino preparing for Trump s mass deportation of migrants Close Up,arrived undocumented child permanent resident fears Trump will deport loved ones,Positive
Deportation,2025-02-05,BBC News,India s Modi to visit US and meet Trump next week,leaders share cordial relations experts concerns over tariffs illegal immigration might strain bilateral ties,Negative
Deportation,2025-02-05,Nakedcapitalism.com,The Mass Deportation Handoff Biden to Trump,Despite Trump enthusiasm rough treatment illegal immigrants growth deportation industrial complex been party affair,Negative
Deportation,2025-02-06,ABC News,Shohei Ohtani ex interpreter who stole millions to be sentenced in fraud case,Ippei Mizuhara pleaded guilty last year count bank fraud count subscribing false return,Negative
Deportation,2025-01-26,ABC News,Trump s border czar If you re in the country illegally you got a problem,According Trump border czar Homan every undocumented immigrant should worry they could arrested time even they have criminal record,Negative
Deportation,2025-01-31,Al Jazeera English,Trump envoy arrives in Venezuela to meet Maduro about deportation flights,Despite tense relations Maduro government suggested could coordinate with Trump immigration enforcement,Negative
Deportation,2025-02-05,Al Jazeera English,Guatemala agrees to increase number of US deportation flights it accepts,roughly people were deported from Guatemala Under Trump that number expected rise,Negative
Deportation,2025-01-15,BBC News,From snowy cities to Mexican border Trump deportations looms,right Texas border residents tell migrants while Chicago neighbourhoods prepare raids,Positive
Deportation,2025-02-04,BBC News,Could US criminals be sent to El Salvador s mega jail,Salvador offered take criminals deported from house them mega jail,Negative
Deportation,2025-01-21,NPR,Chicago immigrant residents are in Trump s sights The mayor says he ll defend them,Chicago Mayor Brandon Johnson says city will defend residents whether undocumented whether seeking asylum whether seeking good paying,Positive
Deportation,2025-02-09,Business Insider,US military troops come in active duty Guard and reserve forces Here s what each one does,military forces home abroad different types troops rules each confusing,Negative
Deportation,2025-01-27,Al Jazeera English,Claudia Sheinbaum acknowledges non citizens deported from US to Mexico,Mexican president announced more than people were sent country during Trump first week office,Positive
Deportation,2025-02-06,Al Jazeera English,Degrading India opposition MPs protest US deportees return in shackles,India foreign minister tells Parliament that Delhi engaging with ensure deportees mistreated,Positive
Deportation,2025-01-24,Forbes,Mexico Denied A U S Deportation Flight As Deportees Are Flown Out Of Country By The Hundreds Report Says,Trump administration began large deportation operation this week making arrests Thursday,Positive
