Label,Subsection,Title,Abstract,Sentiment_Label
Immigration,Politics,Religious Groups Sue Homeland Security Over Immigration Arrests,"After taking office, President Trump rescinded a policy that instructed immigration agents to steer clear of sensitive locations like churches, schools and hospitals.",Positive
Immigration,Politics,High Immigration Arrest Figures Under Trump Come With Few Details,"Specifics of detainments have been scarce, leaving it unclear whether the criminals being targeted make up a significant share of those being captured.",Positive
Immigration,Politics,"Tennessee Lawmakers, Mirroring Trump Agenda, Pass Bills on Immigration and School Vouchers","The legislature’s Republican supermajority left little room for debate, pushing through millions of dollars and sprawling policy changes in a special session that lasted just four days.",Positive
Immigration,Politics,Trump’s Day 1 Crackdown on Immigration,"President Trump’s executive actions on immigration were the leading edge of an effort to upend the United States’ role as a sanctuary for refugees and immigrants. Zolan Kanno-Youngs, a White House correspondent for The New York Times, explains what Trump has done so far.",Positive
Immigration,Politics,Hegseth Promises ‘Shift’ at Pentagon and a Focus on Immigration,"“Whatever is needed at the border will be provided,” Pete Hegseth, the new defense secretary, told reporters on Monday.",Positive
Immigration,Politics,"Border, Asylum, Citizenship: Trump Kicks Off Vast Immigration Changes","More is coming, but many directives will take time to be implemented or will face political, legal or practical obstacles.",Positive
Immigration,Politics,F.B.I. Calls D.H.S. Secretary’s Criticism ‘Deeply Irresponsible’,Secretary Kristi Noem suggested this week that F.B.I. special agents leaked details ahead of immigration arrests being conducted on the West Coast.,Positive
Immigration,Politics,Trump Administration Toughens Rules for Release of Migrant Children,A new policy requires the fingerprinting of all adults who will be living with a migrant child in the United States. Advocates for immigrants say it could fuel overcrowding in shelters.,Positive
Immigration,Politics,Justice Dept. Accuses New York of Favoring ‘Illegal Aliens’ Over U.S. Citizens,"The attorney general sued the state, citing a law allowing New Yorkers to get a driver’s license regardless of legal status. Gov. Kathy Hochul’s office made clear that it supported “deporting violent criminals.”",Negative
Immigration,Politics,Fourth Federal Judge Blocks Trump’s Birthright Citizenship Order,"Federal judges in Maryland, Washington State and New Hampshire have already issued similar injunctions to stop the executive order from being enacted.",Positive
Immigration,Politics,U.S. Deports Migrants From Asia to Panama,"The move could herald a new front in the Trump administration’s plans for mass deportations, one that allows for more rapid removal of migrants whose home countries are reluctant to accept them.",Positive
Immigration,Politics,Court Blocks U.S. From Sending 3 Venezuelan Migrants to Guantánamo,"The men, who are detained in New Mexico, say they “fit the profile” of the type of migrants the Trump administration has started sending to the Navy base in Cuba.",Negative
Immigration,Politics,Fiery Directives Under Trump’s Justice Dept. Signal a Significant Shift,"The new tone of the department, current and former officials say, appears to promise a campaign of intimidation against career employees viewed as insufficiently loyal.",Positive
Immigration,Politics,A Tent City Is Rising at Guantánamo Bay,These are the first independent images to emerge from the migrant operation that the Trump administration has begun at the Navy base.,Negative
Immigration,Politics,U.S. Is Holding Migrants in Cells That Once Held Al Qaeda Suspects,The Trump administration said the 10 men who were sent to a prison on the base at Guantánamo Bay are affiliated with gangs.,Negative
Immigration,Politics,Justice Dept. to Investigate Local Officials Who Obstruct Immigration Enforcement,A memo asserts that state and local officials are bound to cooperate and could face criminal prosecution or civil penalties if they fail to comply.,Negative
Immigration,Politics,Trump Says He Would Jail Americans in El Salvador ‘in a Heartbeat’,"The proposal is almost certainly illegal, experts said, but President Trump’s eagerness to entertain it showed his willingness to embrace extreme measures to demonstrate he is tough on crime.",Negative
Immigration,Politics,Defense Secretary Vows to Use Thousands of Active-Duty Troops to Secure Border,"Defense Secretary Pete Hegseth and Thomas D. Homan, President Trump’s border czar, toured areas near Mexico.",Positive
Immigration,Politics,El Salvador’s President Offers to Accept Criminals From U.S. for a Fee,"Secretary of State Marco Rubio praised President Nayib Bukele’s “unprecedented, extraordinary” proposal to accept any convicted criminal deported by the United States.",Positive
Immigration,Politics,"Trump Starts Immigration Crackdown, Enlisting the Military and Testing the Law",The president’s Day 1 actions included directives that fly in the face of legal limits on involving the military in domestic operations and the constitutional guarantee of birthright citizenship.,Positive
Immigration,Politics,Guantánamo Bay Prepares for President Trump’s Migrant Surge,About 300 servicemembers have arrived in recent days as the base faces its most drastic changes since the Pentagon opened a prison there after the Sept. 11 attacks.,Negative
Immigration,Politics,Trump’s Tariffs Would Reverse Decades of Integration Between U.S. and Mexico,"Ties between the United States and Mexico have deepened over 30 years of free trade, creating both benefits and irritants.",Positive
Immigration,Politics,"Trump Signs Orders Imposing Tariffs on Canada, Mexico and China","The president signed executive orders placing tariffs on Canada, Mexico and China that were set to take effect on Tuesday, a move that could lead to a new era of global tensions.",Positive
Immigration,Politics,U.S. Military Planes Deliver Deportees to Honduras,President Xiomara Castro previously warned that she could oust the American military from Honduras if President Trump pursued aggressive deportations.,Negative
Immigration,Politics,"After Fleeing Violence in Guatemala, Their Child Was Killed in a U.S. School","A week after a 16-year-old was shot at her high school in Nashville, her parents made the wrenching decision to send her body back to Guatemala.",Positive
Immigration,Politics,How a New Law Makes Deportations Easier,"The Laken Riley Act is the first law President Trump has signed since coming into office. Zolan Kanno-Youngs, a New York Times White House correspondent, explains how it will make deportations easier.",Positive
Immigration,Politics,Trump Says U.S. Will Hold Migrants at Guantánamo,"The president suggested 30,000 migrants could be housed on the base. It is unclear how the plan will take shape.",Negative
Immigration,Politics,Trump Signs Bill Easing Deportation of Immigrants Accused of Crimes,"The legislation, known as the Laken Riley Act, is the first to be signed by the president in his new term, and shows how the politics of immigration have shifted.",Positive
Immigration,Politics,Pentagon Allows ICE to Use Colorado Military Base to Detain Migrants,"The decision to allow law enforcement officers to use facilities at Buckley Space Force Base in Aurora, Colo., plunges the U.S. military deeper into President Trump’s order to secure the southwestern border.",Negative
Immigration,Politics,Trump Officials Revoke Biden’s Extension of Protections for Venezuelans,"The Biden administration had extended protections for more than 600,000 Venezuelans. The cancellation of the extension could open them up to deportation in the coming months.",Positive
Immigration,Politics,Crackdown Bill Exposes Democratic Rift on Immigration as Trump Takes Power,"A G.O.P. measure to deport immigrants accused of minor crimes has spotlighted a divide among Democrats over how to position themselves on immigration, with some already shifting to the right.",Positive
Immigration,Politics,Denmark and Other Nations Under Pressure Seek Lobbyists With Trump Ties,The president’s confrontational foreign policy has created opportunity for his allies on K Street who are willing to take on clients he has targeted.,Positive
Immigration,Politics,Is Trump’s Plan to End Birthright Citizenship ‘Dred Scott II’?,The 14th Amendment overturned the 1857 decision that denied citizenship to Black people. Scholars say President Trump’s proposal betrays that history.,Negative
Immigration,Politics,Trump Officials Move to Quickly Expel Migrants Biden Allowed In Temporarily,A memo appears to allow Immigration and Customs Enforcement officials to target programs that let in more than a million people.,Positive
Citizenship,Politics,I d make it harder to get British citizenship says Badenoch,Conservative leader says people shouldn able apply citizenship least years,Positive
Citizenship,Politics,U S judge temporarily blocks Trump s birthright citizenship order,ruling bars agencies from implementing order birthright citizenship children born migrants temporarily without legal status while case under review,Positive
Citizenship,Politics,Democratic AGs sue over Trump s order to end birthright citizenship,group state attorneys general signed lawsuit filed Tuesday seeking block administration move describing unconstitutional,Positive
Citizenship,Politics,states sued to block Trump s push to end birthright citizenship which could impact hundreds of thousands of children each year,states sued block Trump executive order ending birthright citizenship which could impact many children each year,Positive
Citizenship,Politics,Trump wants to end birthright citizenship That s easier said than done,Trump executive orders moves birthright citizenship right enshrined Constitution Here what need know about legal principle possible future,Positive
Citizenship,Politics,A federal judge temporarily blocks Trump s executive order redefining birthright citizenship,federal judge Thursday temporarily blocked President Donald Trump executive order redefining birthright citizenship calling blatantly,Negative
Citizenship,Politics,Trump to declare national emergency at US Mexico border in flurry of day one orders,incoming president plans sign many executive orders administration begins,Positive
Citizenship,Politics,As Trump throws immigration into uncertainty parents grapple potential statelessness,Five undocumented pregnant women President Donald Trump over birthright citizenship executive order,Positive
Citizenship,Politics,Judge to consider future of Trump s order blocking birthright citizenship,federal judge Maryland consider whether President Trump will able redefine birthright citizenship stated Fourteenth Amendment,Positive
Citizenship,Politics,states challenge Trump s executive order cutting birthright citizenship,President Trump birthright citizenship flagrantly unlawful attorneys states said lawsuit challenging president executive order,Positive
Citizenship,Politics,Trump s order seeking to block birthright citizenship to face next legal hurdle,President Trump executive order seeking birthright citizenship will face next legal hurdle this week when three separate judges hold hearings issue,Positive
Citizenship,Politics,hostages are expected to be released by Hamas as part of a ceasefire with Israel,There women children list released from Gaza citizens Israel free hundreds prisoners exchange them,Positive
Citizenship,Politics,Johnson UK s most damaging PM says Reform UK chief,Yusuf tells Political Thinking podcast Johnson would welcome join Reform,Positive
Citizenship,Politics,Trump is back and ready to change America,Donald Trump returns Washington newly empowered Republican party remade itself image Supreme Court granted sweeping immunity official actions unlike last time narrowly popular vote,Positive
Citizenship,Politics,All the executive orders Trump has signed after week in office,President Trump signed slew orders during first week office impacting policy immigration environment federal diversity programs more,Positive
Citizenship,Politics,Trump s attempt to end birthright citizenship would overturn more than a century of precedent,President Donald Trump said since first administration that wants birthright citizenship constitutional right everyone born,Positive
Citizenship,Politics,Homeland Security s workforce might not be as big as Trump s immigration goals,Changes hiring retention practices grew department people four years former officials warn that still enough Trump ambitious policy goals,Positive
Citizenship,Politics,Trump and Musk said these bold moves were imminent Now they re stuck in the mud,Trump administration promised swift moving changes While some those plans have progressed many were almost immediately hold,Positive
Citizenship,Politics,All of the Day executive actions Trump has announced so far,Trump expected sign slew actions relating immigration other issues,Negative
Citizenship,Politics,FBI background checks of presidential nominees explained,Confirmation hearings Cabinet members nominated President elect Trump underway conducts background checks focusing character conduct nominees What involved,Positive
Citizenship,Politics,DeSantis faces pushback by fellow Republicans on his call for an immigration session,Republican leaders state legislature they support President Trump pledge combat illegal immigration want deal with other issues identified DeSantis their schedule,Negative
Citizenship,Politics,Senate confirms Kristi Noem as Trump s Secretary of Homeland Security,Noem will charge executing President Trump biggest priorities second term cracking down immigration,Negative
Citizenship,Politics,Trump testing limits of presidential power but experts say his flex might not stick,Legal experts tell News that sheer number presidential executive orders unprecedented whether they will stick guaranteed,Positive
Citizenship,Politics,The Logoff Trump attacks birthright citizenship,This story first Logoff Sign here stories like this delivered your inbox every weekday Good evening welcome first edition Logoff newsletter that gives Trump news need that,Positive
Citizenship,Politics,Judge blocks Trump Musk s shutdown of USAID,Judge Carl Nichols blocked Donald Trump Elon Musk attempted USAID shutdown days after American Foreign Service Association filed lawsuit,Negative
Citizenship,Politics,What to know about Trump s immigration and border executive actions,Trump promises sign executive actions address immigration border security Some will likely spark legal battles,Positive
Citizenship,Politics,Trump s cabinet pick for Homeland Security is Kristi Noem Here s what to know,confirmed Noem would lead department poised center Trump immigration policy priorities including deportation efforts visa changes border security,Positive
Citizenship,Politics,Bishop Mariann Budde tells NPR I won t apologize for sermon addressing Trump,Episcopal bishop Washington spoke with discuss sermon addressing President Trump asked have mercy,Negative
Citizenship,Politics,A U S dual citizen is among Israeli hostages exchanged for Palestinian prisoners,Siegel first American released part this deal total hostages have been released since ceasefire took effect Hundreds Palestinians have been released,Positive
Citizenship,Politics,Census Bureau Director Robert Santos is resigning making way for Trump s pick,Census Bureau Director Robert Santos resigning giving President Trump early opportunity nominate appointee lead bureau during preparations census,Positive
Citizenship,Politics,Could US criminals be sent to El Salvador s mega jail,Salvador offered take criminals deported from house them mega jail,Negative
Citizenship,Politics,US judge blocks Trump s order restricting birthright citizenship,Trump order targets constitutional right automatically granting citizenship anyone born country,Positive
Citizenship,Politics,Which countries other than the US offer birthright citizenship,least countries mostly Americas provide automatic citizenship anyone born within their borders,Positive
Citizenship,Politics,First raft of lawsuits target US birthright citizenship other Trump orders,Donald Trump signs record executive orders second term first including effort restrict citizenship,Positive
Citizenship,Politics,The Pregnant Immigrants Fighting Trump s Bid to End Birthright Citizenship,Trump hopes birthright citizenship executive order lawsuits filed across country immigrants seek stop post Pregnant Immigrants Fighting Trump Birthright Citizenship appeared first Intercept,Positive
Citizenship,Politics,Trump scraps birthright citizenship Who will it affect,Trump supporters programme been misused several Democrat states file legal challenge,Positive
Citizenship,Politics,Trump latest JFK killing files released birthright citizenship bar halted,also delve into latest from Davos cryptocurrency other executive orders,Positive
Citizenship,Politics,Trump s record breaking executive actions on Day already being challenged,President Donald Trump shattered record most executive orders signed first office,Positive
Citizenship,Politics,WATCH Houston zoo animals play in the snow,Some animals enjoying rare Texas snowfall including Asian elephant capybaras otters lions Lisa leopard,Positive
Citizenship,Politics,With the stroke of the pen Trump tries to remake America ANALYSIS,With half country firmly behind blessing America tech billionaires President Donald moving breakneck pace remake America,Negative
Citizenship,Politics,Woman gets more than year prison term for helping pregnant Chinese women get to US,California woman sentenced Monday more than years prison long running case over business that helped pregnant Chinese women travel,Positive
Citizenship,Politics,Census Bureau director resigns edition,Census Bureau director Robert Santos announced resignation Thursday Santos nationally recognized statistician first Latino head bureau joined federal governm,Positive
Citizenship,Politics,What to know about the Israel and Hamas Gaza ceasefire and hostage release talks,basic framework officials familiar with talks exchange Israeli hostages Palestinian prisoners week ceasefire Mediators applying pressure parties,Positive
Citizenship,Politics,Trump s mass deportation plan could drain more than billion a year from Social Security,President Donald Trump mass deportation plans could have significant economic side effect draining Social Security funding,Positive
Citizenship,Politics,Lawyers see increase in people cutting ties with US,Lawyers increase people cutting ties with Third column story link Related stories Applying Canadian citizenship Drudge Report Feed needs your support Become Patron,Negative
Citizenship,Politics,The one big question looming over Trump s power grabs,Much what Donald Trump done first eight days back White House legally unjustifiable What uncertain whether Supreme Court will anything stop particularly egregious cases Trump ordered birthright,Positive
Citizenship,Politics,Another DOGE Staffer Resigns After Secret Racist X Posts Revealed,Another DOGE Staffer Resigns After Secret Racist Posts Revealed First column story link Related stories DOGE Teen Owns Tesla Sexy Worked Startup That Hired Convicted Hackers Cheney Swipes Elon Citizenshi,Positive
Citizenship,Politics,Trump s attempt to overturn birthright citizenship uses century old Native American case,Indigenous people worried President Donald Trump attempt birthright citizenship constitutional right using century case that denied citizenship Native American,Positive
Citizenship,Politics,Trump s Extreme Birthright Citizenship Order Shut Down in Court Again,Another federal judge blocked Trump brutal attack birthright citizenship Wednesday District Judge Deborah Boardman filed preliminary injunction against Trump executive order which promise signed into action first,Negative
Citizenship,Politics,Trump is about to be sworn in Here are all the changes he has promised to make on Day One,Like predecessors Trump little first Inauguration Eight years later Trump promised full executive orders,Positive
Citizenship,Politics,Key actions from Trump s first day in office And insights from the inaugural speech,After President Trump sworn into second term yesterday kept many promises implemented orders also undone several predecessor actions Here breakdown,Positive
Citizenship,Politics,The prospect of immigration agents entering schools is sending shockwaves among communities,President Trump decades policy that prevented agents from arresting migrants without legal status sensitive places such schools Most districts drawing line sand,Positive
Citizenship,Politics,The economics and innovation behind modern warfare,this Sunday edition Business Insider Today showing cover business military defense,Negative
Citizenship,Politics,Olympic history maker Ngamba to turn professional,Olympic medal winner Cindy Ngamba will make professional debut boxing March,Positive
Citizenship,Politics,Mayor Adams office disputes Council claim he had no plan for Trump immigration actions,Council Speaker Adrienne Adams said city prepared Trump Council Speaker Adrienne Adams also urged mayor office join fight against president order birthright citizenship more,Positive
Citizenship,Politics,A Weekend Reading List,Read about secretive world extreme fishing approaches aging more,Positive
Citizenship,Politics,JD Vance Suggests Judges Aren t Allowed To Control Trump After Courts Block His Policies,slew court rulings recent weeks have hampered Trump administration moves issues like birthright citizenship shutting down USAID,Negative
Citizenship,Politics,Bitcoin s coming boom Trump s stock and meme coin sink and Netflix hits Markets news roundup,Christopher McMahon Aquinas Wealth Advisors author Faithful Finances spoke with Quartz latest installment Smart Investing video series Read more,Positive
Citizenship,Politics,Forbes Daily Jamie Dimon Defends DEI Efforts Amid Trump s Crackdown,Friday Forbes Daily covers Bloomberg climate pledge judge blocks Trump birthright citizenship Oscar nominations unveiled OpenAI latest tool more,Positive
Border Security,Politics,Tariff Uncertainty Taxes the Auto Industry,some industry uncertainty surrounding border trade almost worse than tariffs themselves tariffs through costs might passed down buyers,Negative
Border Security,Politics,Trump s cabinet pick for Homeland Security is Kristi Noem Here s what to know,confirmed Noem would lead department poised center Trump immigration policy priorities including deportation efforts visa changes border security,Positive
Border Security,Politics,Senate confirms Kristi Noem as Trump s Secretary of Homeland Security,Noem will charge executing President Trump biggest priorities second term cracking down immigration,Negative
Border Security,Politics,Trump faces moment of reckoning on trade after delaying tariffs,president will soon have decide whether match trade rhetoric with action shelve tariff plans,Positive
Border Security,Politics,Canada can avoid tariffs by becoming a US state says Trump,president complains tremendous trade deficit with neighbour saying does need Canadian energy vehicles lumber,Positive
Border Security,Politics,Taiwan Says Government Departments Should Not Use DeepSeek Citing Security Concerns,anonymous reader shares report Taiwan digital ministry said Friday that government departments should Chinese startup DeepSeek artificial intelligence service saying that product from China represents security concern,Negative
Border Security,Politics,What to know about Trump s immigration and border executive actions,Trump promises sign executive actions address immigration border security Some will likely spark legal battles,Positive
Border Security,Politics,Migrants left in despair at the border as asylum system shuts down,provided nearly people with asylum appointments since January contributing drop illegal border crossings,Negative
Border Security,Politics,Kristi Noem confirmed as secretary of homeland security,South Dakota Kristi Noem firebrand gained national spotlight during coronavirus pandemic confirmed Senate,Positive
Border Security,Politics,With House GOP stuck Senate pushes ahead with its plan to fund Trump s agenda,Senate Budget chair Graham wants plow forward funding package that bundles border security defense spending House continues struggle with plan,Positive
Border Security,Politics,Monthly border encounters decrease to lowest daily average since July,Daily encounters December along southwest border were lowest average since July according Department Homeland Security,Negative
Border Security,Politics,Homeland Security s workforce might not be as big as Trump s immigration goals,Changes hiring retention practices grew department people four years former officials warn that still enough Trump ambitious policy goals,Positive
Border Security,Politics,All of the Day executive actions Trump has announced so far,Trump expected sign slew actions relating immigration other issues,Negative
Border Security,Politics,I almost lost my Global Entry status over a mistake anyone could easily make,easy make airport mistake involving fruit Customs Border Protection almost cost money made lose Global Entry status,Positive
Border Security,Politics,Trump reinforces use of his Remain in Mexico policy,policy which created implemented during first Trump administration resulted tens thousands migrants waiting extended periods Mexico,Positive
Border Security,Politics,Trump s mass deportation plan could drain more than billion a year from Social Security,President Donald Trump mass deportation plans could have significant economic side effect draining Social Security funding,Positive
Border Security,Politics,Trump got what he wanted with the Canada and Mexico tariff pauses even if he didn t get that much,Trump slapped tariffs Canadian Mexican imports pressure them crack down illegal immigration fentanyl They caved,Negative
Border Security,Politics,Trump s border czar If you re in the country illegally you got a problem,According Trump border czar Homan every undocumented immigrant should worry they could arrested time even they have criminal record,Negative
Border Security,Politics,Trump s Tariffs on Canada Mexico and China Could Mean Higher Inflation and Economic Disruption,Trump honoring promises made White House campaign that core economic national security philosophy,Positive
Border Security,Politics,Trump wants to label drug cartels terrorist organizations Here s what that means in practice,full implications designating cartels terrorist organizations will depend large part administration follows through,Positive
Border Security,Politics,Trump border wall is on New Mexico ranchers wish list,Mexico couple hopes Trump administration makes good promise completing construction border wall,Positive
Border Security,Politics,Germany says Russian shadow ship stuck in Baltic Sea,Germany foreign minister accused Moscow deploying fleet rusty tankers avoid sanctions,Negative
Border Security,Politics,A long long road ahead Gaza rebuilds from zero,full scale humanitarian challenge ahead emerging displaced Palestinians return home writes Paul Adams,Positive
Border Security,Politics,DHS Secretary Kristi Noem joins immigration enforcement operations in NYC,Kristi Noem joined operations just days after confirmed Senate lead Department Homeland Security,Positive
Border Security,Politics,things to know about the fighting in the Democratic Republic of Congo,Rwandan backed rebels they control eastern Congolese city Goma Their fighters continue claim more territory world most mineral rich territories,Positive
Border Security,Politics,I d make it harder to get British citizenship says Badenoch,Conservative leader says people shouldn able apply citizenship least years,Positive
Border Security,Politics,What are the challenges facing the government s AI action plan,Keir Starmer unveiled proposals which says will make great superpowers,Positive
Border Security,Politics,A Quieter Border Didn t Serve Trump s Needs,president would rather exploit free than manage migrant flows effectively,Positive
Border Security,Politics,Israel has changed since Donald Trump s last term has he,this time hard choices Middle East president elect will have much think about when enters White House,Positive
Border Security,Politics,Post inauguration ICE raids starting as soon as Tuesday Sources,part President elect Donald Trump deportation plans will carry raids starting Tuesday sources briefed plans told News,Positive
Border Security,Politics,Trump orders end of humanitarian parole for migrants of four countries,Under Biden administration migrants from embattled countries could apply entry humanitarian reasons without having attempt cross into illegally,Negative
Border Security,Politics,Trump says U S will send worst criminal illegal aliens to Guant namo Bay,president says criminal migrants deported from United States could housed facility Cuba wasn immediately clear plan would implemented,Negative
Border Security,Politics,What to Know About Security Measures at the Super Bowl in New Orleans,After Year terror attack struck Orleans historic French Quarter city officials they confident security plans they have place Sunday Super Bowl,Positive
Border Security,Politics,Trump supporters welcome the first steps in his immigration crackdown,President Trump kicked second term with dramatic crackdown immigration Critics call those moves cruel unnecessary many Trump supporters applauding these early steps,Negative
Border Security,Politics,Breaking Down All of Trump s Day Presidential Actions,Trump issued executive orders memoranda proclamations first back Oval Office Here what know,Positive
Border Security,Politics,Trump says he could send US special operators after Mexican drug cartels It could make things a lot worse,There potential role special operations forces combating cartels getting this wrong could create more problems,Positive
Border Security,Politics,One Tiny iPhone Feature Shows Apple s Big Plans For Your Smart Home,Apple preparing release wave home technology Here getting ready,Positive
Border Security,Politics,Trump signs first bill of his second presidency the Laken Riley Act into law,bill named Georgia nursing student killed last year Venezuelan without legal status criminal record,Negative
Border Security,Politics,He Was Horrifying in Trump s First Term He s About to Get Even Worse,broad latitude what wants,Positive
Border Security,Politics,Caring Deeply About National Security Is Not the Same as Being Good at It,Some Trump cabinet picks sincere their beliefs That doesn make them these roles,Positive
Border Security,Politics,OnlyFans Star Lily Phillips Plan to Screw K Dudes Derailed by U S Border Security,OnlyFans star Lily Phillips rethinking plan screw dudes hours telling Customs Border Protection recently threw wrench ambitious sexcapade Lily tells detained Vegas airport last,Positive
Border Security,Politics,US military troops come in active duty Guard and reserve forces Here s what each one does,military forces home abroad different types troops rules each confusing,Negative
Border Security,Politics,These are the U S citizens held hostage in Gaza,Seven nearly hostages held Gaza citizens several whom confirmed dead,Positive
Border Security,Politics,UN warning on Gaza rebuilding task as aid surges with ceasefire deal,Unrwa Gaza director says rebuilding homes infrastructure people lives will take awful time,Negative
Border Security,Politics,Canadian fans boo US anthem as tariffs spur buy local pledge,Canadians have begun booing anthem sports games signalling depth anger steep tariffs,Negative
Border Security,Politics,Prices were a key issue in but Trump makes clear they re not his top priority,While prices economy were issues during campaign President Trump making clear that other issues most notably immigration main focus start second term,Positive
Border Security,Politics,China signals willingness to repatriate confirmed Chinese nationals from US,WASHINGTON Reuters China said Monday willing repatriate confirmed Chinese nationals from United States President Donald Trump,Positive
Border Security,Politics,Casinos high rises and fraud The BBC visits a city built on scams,haven super rich city built scams invited find,Positive
Border Security,Politics,China renews threat to retaliate against US tariffs,China reiterated could take necessary countermeasures after President Donald Trump decided impose tariff China allegedly doing little stem production precursor chemicals drug fentanyl,Negative
Border Security,Politics,What Lebanon s shifting political landscape means for Hezbollah,Hezbollah Lebanon most powerful political players been significantly weakened conflict with Israel,Positive
Border Security,Politics,Trump Shares the Founders Delusions on Canada,Attempts Canada have gone poorly since Trump rhetoric threatens repeat,Negative
Border Security,Politics,U S Aid Freeze Puts at Risk Ukraine s Wartime Help for Frontline Evacuees,American funding helps cover shelters fuel evacuation vehicles salaries workers more,Positive
DEI,Politics,Meta Kills DEI Programs,Mark Zuckerberg Meta terminating major programs effective immediately including hiring training picking suppliers Axios Meta said changing course because legal policy landscape surrounding diversity equity inclusio,Positive
DEI,Politics,What Comes After DEI,While backlash challenged many companies practitioners approach creating more equitable workplaces fewer have considered whether work itself room improve framework built around core outcomes fairness access incl,Positive
DEI,Politics,Costco s shareholders overwhelmingly reject anti DEI proposal,Costco shareholders voted overwhelmingly reject motion that would seek report risks diversity equity inclusion company hiring practices,Positive
DEI,Politics,Costco shareholders reject anti DEI proposal,Costco shareholders voted down anti proposal just days after President Trump issued sweeping rules federal agencies,Negative
DEI,Politics,Amazon To Halt Some of Its DEI Programs,Amazon said halting some diversity inclusion initiatives joining growing list major corporations that have made similar moves face increasing public legal scrutiny From report internal note staffers,Positive
DEI,Politics,Meta employees slam decision to roll back its DEI programs,Meta employees took internal forum viewed Business Insider vent disappointment anger over roll back,Negative
DEI,Politics,The companies fighting back against Trump s war on DEI,JPMorgan Costco efforts help drive innovation success though other companies like Meta Walmart scaling back policies,Positive
DEI,Politics,As DEI dies back Sam s Club CEO says his job is to create an environment of openness,companies including Walmart walk back soften their policies Club says openness connection remain important,Positive
DEI,Politics,The list of CEOs voicing support for their companies DEI initiatives is growing,Christian Sewing Deutsche Bank latest express support company initiatives,Positive
DEI,Politics,Elise Smith Defends DEI as Good Business,recent years right leaning leaders politics tech like Donald Trump Elon Musk have attacked value diversity equity inclusion initiatives Elise Smith founder tech startup Praxis Labs learning,Positive
DEI,Politics,EY report doubles down on diversity initiatives as DEI comes under scrutiny in Trump s first weeks in power,Four firm published report with recommendations boost strategies Trump calls private sector ditch them,Negative
DEI,Politics,NAACP s top marketer tackles everything from DEI rollbacks to the organization s first foray into daytime TV,Blankson chief marketing officer NAACP leading organization storytelling advocacy campaigns during this critical moment first foray into daytime,Positive
DEI,Politics,How the Trump Administration Is Taking Its First Steps Toward Dismantling DEI,Trump administration moved affirmative action federal contracting directed that federal staff paid leave eventually laid first salvo aggressive campaign upend efforts nationwide,Positive
DEI,Politics,How a military recruitment crisis is leaving the U S vulnerable,President Trump blames shortage recruits programs Yorker writer Dexter Filkins says enough people want enlist many pass weight limit aptitude test,Positive
DEI,Politics,The Human Cost of Trump Firing All Federal DEI Workers,Professor Shaun Harper explains President Donald Trump decision eliminate federal related jobs negatively impacts workers,Negative
DEI,Politics,CDC Ordered to Scrub Website of Words Like Transgender and LGBT,employee spoke with Gizmodo about unprecedented changes,Positive
DEI,Politics,Beyonc Proves That Winning Is The Best Form of Activism,John Hope Bryant argues that Beyonc history making Grammy demonstrates influence ownership even more powerful than,Positive
DEI,Politics,Why right wing influencers are blaming the California wildfires on diversity efforts,Prominent right wing influencers claiming that response Angeles wildfires hampered workplace diversity policies part wider strategy discredit those policies,Positive
DEI,Politics,Federal Agencies Begin Removing DEI Guidance From Websites in Trump Crackdown,Several federal agencies have begun removing resources underrepresented Americans from their webpages following President Donald Trump executive order cracking down diversity equity inclusion initiatives,Negative
DEI,Politics,The Global Far Right Is Celebrating Trump s New World Order,right lawmakers extremist influencers world over celebrating Trump early days office advocating similar efforts their countries,Positive
DEI,Politics,What does Donald Trump s anti DEI executive order mean for private companies,What does President Donald Trump executive order directing federal agencies encourage private companies abandon policies mean businesses,Negative
DEI,Politics,WATCH Trump blames DEI policies for deadly DC collision without evidence,Without citing evidence president said initiatives traffic controllers under Democratic presidents were partly blame Wednesday tragic Washington collision,Negative
DEI,Politics,Paid administrative hell Some Ed Dept staff put on leave after Trump s DEI order,While specific reason given three employees told News they believe common thread among them attendance voluntary diversity training,Negative
DEI,Politics,Mark Zuckerberg Goes Mask Off and Ditches Diversity,company terminating programs latest shift away from progressive policy,Positive
DEI,Politics,Trump casts speculation unproven claims on DC plane crash as cause remains unknown,While cause been determined Washington plane crash President Donald Trump quick assign blame Thursday Democrats other factors,Positive
DEI,Politics,Here s why Apple is right to hold firm on its DEI policies,upcoming change presidency seen number companies make changes long standing policies fields spanning content moderation policies reported Friday however Apple holding firm Diversity Equity,Negative
DEI,Politics,Black boxes found as officials examine staffing shortage in DC plane crash,fatal collision between passenger plane military helicopter expected have killed involved,Negative
DEI,Politics,Someone at Activision is leaking Slack screenshots to right wing X users,right users formerly Twitter singling individual Activision Blizzard employees comments made support inclusion company,Positive
DEI,Politics,New FTC Chair Fighting DEI Cuts Off Public Comments on Surveillance Pricing,Commissioner Alvaro Bedoya offered scathing dissenting opinion agency guidelines,Negative
DEI,Politics,Trump Blames DEI for Plane Crash That Killed in Ridiculous Press Conference,Trump provided evidence said common sense crash caused diversity hiring,Negative
DEI,Politics,Video game publishers are starting to use anti DEI as a marketing meme,Following Republican victory elections several companies have experimented with pivoting away from Diversity Ethics Inclusion collection employment practices aimed challenging bias prejudice workplace Faceboo,Positive
DEI,Politics,The NFL is removing End Racism from its Super Bowl end zone,Here what decision America favorite sports league tells about anticipatory obedience,Positive
DEI,Politics,Trump has issued a number of orders affecting the military Here s what they do,President Trump signed number executive orders Monday night aimed military Here breakdown what signed,Negative
DEI,Politics,Meta CEO Mark Zuckerberg says the company will be cutting low performers faster as a way to raise the bar,Meta chief wrote post Workplace company internal forum that company will doing more extensive performance based cuts,Positive
DACA,Politics,Trump to declare national emergency at US Mexico border in flurry of day one orders,incoming president plans sign many executive orders administration begins,Positive
DACA,Politics,Trump has a message to CEOs Build in America or pay up,Trump clear message business leaders address World Economic Forum,Positive
DACA,Politics,When DEI Fails Is Diversity Just a Marketing Gimmick,initiatives promise transformative change creative industries often devolve into performative actions that undermine trust stifle innovation,Positive
DACA,Politics,A Davos download on everything we heard and saw during a busy week in the Alps,this Sunday edition Today bringing highlights from World Economic Forum Davos Switzerland,Positive
DACA,Politics,What Happens to Student Loans and Financial Aid During Trump s Federal Funding Freeze,federal pause does affect federal student loans Pell Grants impact other student programs remains unclear,Negative
DACA,Politics,Mark Zuckerberg and Sheryl Sandberg want you to know they re still friends and definitely not mad at each other,Thursday York Times published lengthy story about rise power Stephen Miller longtime loyalist Donald Trump known hardline views immigration Normally story like that wouldn much attention tech press,Positive
