taking,"office,",president,trump,rescinded,policy,instructed,immigration,agents,steer,clear,sensitive,locations,like,"churches,",schools,hospitals.,,,,,,,,,,,,
local,officials,pushing,back,federal,government’s,assertion,must,help,ice,deportation,campaign.,,,,,,,,,,,,,,,,,
far-reaching,propaganda,effort,immigration,coordinated,highest,levels,inside,white,house.,michael,d.,"shear,",white,house,correspondent,new,york,"times,",explains,goals,are.,,,,,,,
request,department,homeland,security,could,suck,resources,away,tax,enforcement,efforts.,,,,,,,,,,,,,,,,,,
government,releasing,photos,videos,promote,president,trump’s,immigration,"agenda,",including,footage,troops,border,close-up,shots,shackled,immigrants.,,,,,,,,,,,,
suit,asserts,sanctuary,laws,"chicago,",cook,county,illinois,obstructed,federal,efforts,enforce,immigration,policy.,,,,,,,,,,,,,,,
specifics,detainments,"scarce,",leaving,unclear,whether,criminals,targeted,make,significant,share,captured.,,,,,,,,,,,,,,,,,
legislature’s,republican,supermajority,left,little,room,"debate,",pushing,millions,dollars,sprawling,policy,changes,special,session,lasted,four,days.,,,,,,,,,,,
president,trump’s,executive,actions,immigration,leading,edge,effort,upend,united,states’,role,sanctuary,refugees,immigrants.,zolan,"kanno-youngs,",white,house,correspondent,new,york,"times,",explains,trump,done,far.,,
number,arrests,uncertain.,illinois,"officials,",including,"governor,",said,given,advance,notice.,,,,,,,,,,,,,,,,,,
“whatever,needed,border,"provided,”",pete,"hegseth,",new,defense,"secretary,",told,reporters,monday.,,,,,,,,,,,,,,,,,
"coming,",many,directives,take,time,implemented,face,"political,",legal,practical,obstacles.,,,,,,,,,,,,,,,,,,
four,immigration,court,officials,removed,positions,monday.,it’s,unclear,charge,point.,,,,,,,,,,,,,,,,,,
secretary,kristi,noem,suggested,week,f.b.i.,special,agents,leaked,details,ahead,immigration,arrests,conducted,west,coast.,,,,,,,,,,,,,
new,policy,requires,fingerprinting,adults,living,migrant,child,united,states.,advocates,immigrants,say,could,fuel,overcrowding,shelters.,,,,,,,,,,,,
vice,president’s,speech,"munich,",expressing,support,"far-right,",anti-immigration,parties,criticizing,suppression,conservative,"voices,",global,extension,core,political,themes.,,,,,,,,,,,
legislation,would,increase,penalties,citizens,allow,anyone,citizen,deported,evading,arrest,detention,driving,vehicle,within,100,miles,border.,,,,,,,,,,,
times,obtained,list,names,"men,",u.s.,government,described,venezuelan,citizens,final,deportation,orders.,,,,,,,,,,,,,,,,
attorney,general,sued,"state,",citing,law,allowing,new,yorkers,get,driver’s,license,regardless,legal,status.,gov.,kathy,hochul’s,office,made,clear,supported,“deporting,violent,criminals.”,,,,
federal,judges,"maryland,",washington,state,new,hampshire,already,issued,similar,injunctions,stop,executive,order,enacted.,,,,,,,,,,,,,,
trump,administration,counting,nation’s,sheriffs,assist,enforcing,immigration,"policies,",holding,undocumented,immigrants,local,jails,comes,price,tag.,,,,,,,,,,,,
move,could,herald,new,front,trump,administration’s,plans,mass,"deportations,",one,allows,rapid,removal,migrants,whose,home,countries,reluctant,accept,them.,,,,,,,,
"men,",detained,new,"mexico,",say,“fit,profile”,type,migrants,trump,administration,started,sending,navy,base,cuba.,,,,,,,,,,,,,
lawsuit,advocacy,organizations,aims,bring,back,resettlement,refugees,united,states,president,trump,halted,program.,,,,,,,,,,,,,,,
new,tone,"department,",current,former,officials,"say,",appears,promise,campaign,intimidation,career,employees,viewed,insufficiently,loyal.,,,,,,,,,,,,,
first,independent,images,emerge,migrant,operation,trump,administration,begun,navy,base.,,,,,,,,,,,,,,,,,,
gov.,gavin,"newsom,","democrat,",balancing,desire,push,back,republican,policies,need,cooperate,seeking,federal,disaster,aid.,,,,,,,,,,,,,
house,republicans,toiling,unsuccessfully,reach,agreement,fiscal,blueprint.,senate,colleagues,leapfrogging,ahead.,,,,,,,,,,,,,,,,,
trump,administration,said,10,men,sent,prison,base,guantánamo,bay,affiliated,gangs.,,,,,,,,,,,,,,,,,
memo,asserts,state,local,officials,bound,cooperate,could,face,criminal,prosecution,civil,penalties,fail,comply.,,,,,,,,,,,,,,
documents,satellite,imagery,show,much,buildup,underway,military,site.,,,,,,,,,,,,,,,,,,,,
president-elect’s,immigration,advisers,warned,republicans,take,time,money,congress,carry,mass,deportation,effort,promised,execute,immediately.,,,,,,,,,,,,,
proposal,almost,certainly,"illegal,",experts,"said,",president,trump’s,eagerness,entertain,showed,willingness,embrace,extreme,measures,demonstrate,tough,crime.,,,,,,,,,,,
decision,send,migrants,united,states,guantánamo,bay,change,country,handles,people,deports.,,,,,,,,,,,,,,,,,
defense,secretary,pete,hegseth,thomas,d.,"homan,",president,trump’s,border,"czar,",toured,areas,near,mexico.,,,,,,,,,,,,,,
lawsuit,argues,mr.,trump’s,executive,order,limiting,asylum,access,violates,u.s.,law.,,,,,,,,,,,,,,,,,
secretary,state,marco,rubio,praised,president,nayib,bukele’s,"“unprecedented,",extraordinary”,proposal,accept,convicted,criminal,deported,united,states.,,,,,,,,,,,,
president,trump’s,demands,united,states’,neighbors,difficult,measure.,allows,declare,victory,sees,fit.,,,,,,,,,,,,,,,,
president’s,day,1,actions,included,directives,fly,face,legal,limits,involving,military,domestic,operations,constitutional,guarantee,birthright,citizenship.,,,,,,,,,,,
300,servicemembers,arrived,recent,days,base,faces,drastic,changes,since,pentagon,opened,prison,sept.,11,attacks.,,,,,,,,,,,,,
decision,terminate,temporary,protected,status,"300,000",people,signals,president,trump,continue,dismantle,program,aims,protect,migrants,potentially,dangerous,countries.,,,,,,,,,,
invoking,national,security,unravel,trade,agreements,could,scramble,international,trading,system,china’s,favor.,,,,,,,,,,,,,,,,
first,trip,secretary,"state,",marco,rubio,also,visit,four,latin,american,countries,press,immigration,issues.,,,,,,,,,,,,,,
ties,united,states,mexico,deepened,30,years,free,"trade,",creating,benefits,irritants.,,,,,,,,,,,,,,,,,
president,signed,executive,orders,placing,tariffs,"canada,",mexico,china,set,take,effect,"tuesday,",move,could,lead,new,era,global,tensions.,,,,,,,,,
president,xiomara,castro,previously,warned,could,oust,american,military,honduras,president,trump,pursued,aggressive,deportations.,,,,,,,,,,,,,,
week,16-year-old,shot,high,school,"nashville,",parents,made,wrenching,decision,send,body,back,guatemala.,,,,,,,,,,,,,,,
laken,riley,act,first,law,president,trump,signed,since,coming,office.,zolan,"kanno-youngs,",new,york,times,white,house,"correspondent,",explains,make,deportations,easier.,,,,,,
fresh,tariffs,amid,high,inflation,making,fed’s,job,uniquely,difficult,feeding,uncertainty,expect,interest,rates,year.,,,,,,,,,,,,,
president,suggested,"30,000",migrants,could,housed,base.,unclear,plan,take,shape.,,,,,,,,,,,,,,,,,,
"legislation,",known,laken,riley,"act,",first,signed,president,new,"term,",shows,politics,immigration,shifted.,,,,,,,,,,,,,,,
trump,administration,added,extra,inspections,passengers,colombia,part,pressure,campaign.,effects,lingered,wednesday.,,,,,,,,,,,,,,,,
decision,allow,law,enforcement,officers,use,facilities,buckley,space,force,base,"aurora,","colo.,",plunges,u.s.,military,deeper,president,trump’s,order,secure,southwestern,border.,,,,,,
biden,administration,extended,protections,"600,000",venezuelans.,cancellation,extension,could,open,deportation,coming,months.,,,,,,,,,,,,,,,,
department’s,headquarters,downtown,"washington,",lawyers,described,uncertainty,rippled,across,agency.,,,,,,,,,,,,,,,,,,,
several,colombians,whose,visas,revoked,world,bank,employees,traveling,united,states,time.,deported.,,,,,,,,,,,,,,,,
g.o.p.,measure,deport,immigrants,accused,minor,crimes,spotlighted,divide,among,democrats,position,"immigration,",already,shifting,right.,,,,,,,,,,,,,
president’s,confrontational,foreign,policy,created,opportunity,allies,k,street,willing,take,clients,targeted.,,,,,,,,,,,,,,,,
14th,amendment,overturned,1857,decision,denied,citizenship,black,people.,scholars,say,president,trump’s,proposal,betrays,history.,,,,,,,,,,,,,
first,television,interview,vice,"president,",jd,vance,defended,president,trump,variety,"policies,",including,previously,second-guessed.,,,,,,,,,,,,,,
former,south,dakota,governor,leads,agency,runs,nation’s,immigration,system.,,,,,,,,,,,,,,,,,,,
pause,several,initiatives,allowed,immigrants,enter,country,temporarily,block,entrance,people,fleeing,unstable,desperate,places,world.,,,,,,,,,,,,,
department,defense,said,week,would,provide,planes,deportation,flights.,,,,,,,,,,,,,,,,,,,,
locked,power,"washington,",party,struggling,agree,unified,message,opposition.,lawmakers,even,telling,republicans,want,work,together.,,,,,,,,,,,,,
memo,appears,allow,immigration,customs,enforcement,officials,target,programs,let,million,people.,,,,,,,,,,,,,,,,,
president-elect,donald,trump,likely,justify,plans,seal,border,mexico,citing,public,health,emergency,immigrants,bringing,disease,united,states.,find,one.,new,york,times,white,house,"correspondent,",zolan,"kanno-youngs,",explains.
final,approval,house,sent,"legislation,",requires,detention,deportation,unauthorized,migrants,charged,"crimes,",president,trump’s,desk.,,,,,,,,,,,,,,
